mint,symbol,grad_s_from_mint,grad_bracket_ms,grad_source,window_s,n_fills,n_amm_fills,pages,requests,reached_mint,truncated,create_slot_agrees,pairs_closed_60s,pairs_open_60s,pairs_closed_full,pairs_open_full,early_pairs,early_closed_60s,early_closed_full
2HXK4CBcYeJQezA1MxNgSCHgXDx3kYgpe4ivk1hZpump,Benben,2464.0,1000,page,6064,4715,2726,48,48,1,0,1,128,101,991,237,229,128,218
2rXsK5JneEyCX8BGuYa3GvjncvNVroqoVtgP8pmnpump,Rico,433.0,3000,page,4033,2658,1496,27,27,1,0,1,66,106,674,103,172,66,168
2wpWjjDCQSHkvx13ocwJTLuzzMxRRLcPjrKJ6JZZpump,Doug,71.0,2000,page,3671,6807,6124,69,69,1,0,1,93,142,1041,279,235,93,218
32CdQdBUxbCsLy5AUHWmyidfwhgGUr9N573NBUrDpump,maxxing,10787.0,1000,page,14387,4571,1042,46,46,1,0,1,81,87,941,280,168,81,162
3BhUv3FtuuqBgM1n6yYEhEvQ78dpdR99v4frjmXUpump,Dummy,35.0,3000,tape,3635,7691,7249,77,77,1,0,1,144,308,1558,271,452,144,434
3C8Hz8sqdwn4gUJaWek23PsRfvyDsVZhaqoKooNMpump,Arnold,2712.0,2000,page,6312,1727,447,18,18,1,0,1,66,97,503,49,163,66,162
3gp8fDUxsLgL1R9kJZQzHMJHkJuVoy7e4w1JNqa9pump,retarded,3904.0,61000,bisect,7504,8894,5754,89,89,1,0,1,82,135,1458,410,217,82,207
3ujG4J8UVbyi5Kke7cZVe3qRirnbQvnAup9TtmBdpump,Lala,245.0,0,tape,3845,5710,4705,58,58,1,0,1,76,130,993,387,206,76,195
3ySgaPqYE2XWsepKi6drYFnKhzsa4MUFPNk1uomepump,Bulls,4.0,2000,tape,3604,3604,3575,37,37,1,0,1,128,112,749,171,240,128,222
4FEphC5XxY2QRQ1ojKEyKgt3qHE2CTrc6Q3C3RUBpump,Glow,47.0,0,tape,3647,13594,12873,136,136,1,0,1,130,273,1702,502,403,130,370
4XQLHssUxvXLjXYLRsbANkgvCsRmtKMBsShzRFWipump,Moonbase,4900947.0,77060000,bisect,4904547,985,616,10,10,1,0,1,10,3,237,76,13,10,13
4fqNB5X22yq9uMkWX42UuVJaNaN18YSV4aUySRCvpump,Him,281.0,2000,page,3881,2606,1641,27,27,1,0,1,81,144,663,96,225,81,213
4moo1vE7oReTVzhMwx7awW2Ue8vSZncKpvCS1PV6pump,Lele,1379.0,0,page,4979,6614,4319,67,68,1,0,1,80,121,1049,272,201,80,198
4sVahM4U8js62mQV58ABSkNRhf6Ztc7Xs2LXUznNpump,Alveus,5652.0,84000,bisect,9252,2972,895,30,30,1,0,1,89,107,738,95,196,89,188
4ssNBY5ERmnPkdtXLZjuraRirf2ovL3BaVFsaYrppump,mentally,1000.0,2000,page,4600,3903,1937,40,40,1,0,1,100,71,864,184,171,100,168
4u1LwQQWgR6vyhjrp3sJvv4d6wXCNrVdS78HxWAypump,Gem,175712.0,2613000,bisect,179312,3551,430,36,36,1,0,1,105,135,781,95,240,105,231
53RUohPnCrbRcVGjvfHHHUL4cmQX68yP8Ei6poepump,Duobao,1001.0,3000,page,4601,4625,2099,47,47,1,0,1,95,140,896,202,235,95,227
5RKEu9J3BcQWAno7c1xjkew4L3VJ8Mvaz5jU2kPrpump,escape,1342.0,2000,page,4942,2872,1429,29,29,1,0,1,86,90,700,127,176,86,169
5TQo5BPJf2PtKadyHmGARQZSHvza7wmjJ49kzsBipump,Iceberg,1021.0,3000,page,4621,6828,4823,69,69,1,0,1,88,107,1169,411,195,88,189
5wqbNRtu5eEuGLP1houqRMZdMqq2bvHZuVtY1yLcpump,Conspiracist,2274.0,35000,bisect,5874,10470,8453,105,105,1,0,1,59,116,1340,904,175,59,164
5yWb5o2XT4J5dFCg3w6EZHxRAgYhyuj8H1RAEFeUpump,Hope,644.0,3000,page,4244,16754,13844,168,168,1,0,1,97,125,1854,837,222,97,207
6DoLTBDEsvDswhUo6HwXPH5kDhY85k9x3pC7g6KVpump,Lockin,0.0,0,tape,3600,2136,2118,22,22,1,0,1,79,122,516,71,201,79,191
6HWgQuKsq96UguqoZPfeLxN9TgNTq18yUrKv6EvEpump,Cracked,1033.0,1000,page,4633,2205,709,23,23,1,0,1,112,101,564,88,213,112,202
6P33UYzYbjLYNMqn5EMUdi8v6QieQpz4pBr6pm7Vpump,Dax,1063.0,2000,page,4663,2435,666,25,25,1,0,1,81,105,611,70,186,81,178
6Quog29HQ5tA5BdnCv3FWpW8WEpdxCsxEpt2TGCZpump,Gnomes,3458.0,0,page,7058,4643,1139,47,47,1,0,1,95,119,941,223,214,95,209
6cmSs58irWKE2ayjUouJgawxgM6zvhqVdnZPRV7Zpump,Dale,64730.0,848000,bisect,68330,8627,4649,87,87,1,0,1,120,129,1556,350,249,120,247
6kNFL3SmeqBJpiFtfUUZXxTacm48gCPx3aaqPhskpump,Kintaro,1154.0,4000,page,4754,4627,2265,47,47,1,0,1,75,133,847,207,208,75,197
6mXDkq6ytS174mGXqBbLareojc89drKi1sZuG7WDpump,nobrainer,229.0,2000,page,3829,1781,708,18,18,1,0,1,121,134,522,65,255,121,249
7333nQt9wsxqaYipXdC96Jq3wNZZpVoFf4tiFraEpump,Sol,5.0,1000,tape,3605,725,679,8,8,1,0,1,105,59,201,18,164,105,154
7Gs7gFKec9xPQgoX4LnkaHMcUwHatdiRcwfUQ97Hpump,Bullieve,1.0,0,tape,3601,1028,997,11,11,1,0,1,55,64,265,38,119,55,114
7LS4TVEVp5wadBoAzXw7Xsh59V87gQGxnEAKtc9jpump,Marley,1737.0,1000,page,5337,2628,516,27,27,1,0,1,80,108,590,66,188,80,186
7PfBNTnLC7tmCSW4cvibSsDbDzrx3mcRfFrRmuExpump,motion,1934.0,30000,bisect,5534,5264,2747,53,53,1,0,1,107,114,887,276,221,107,213
7wVuSgQV3TPJMQqyWQn31jj846V98GfEWHkVkGFDpump,Invasion,7067.0,3000,page,10667,3138,739,32,32,1,0,1,64,96,708,182,160,64,158
87ECoUcsioYVxcV71JAwWMhiAEof3gKBV6XLb4szpump,Trencher,3180.0,2000,page,6780,2791,427,28,28,1,0,1,102,179,716,70,281,102,275
89tHpU6nSR1BawzwhfxYLNwQKkZ6M7sidhpQDBRFpump,Chimera,1611.0,0,page,5211,2269,665,23,23,1,0,1,82,130,630,74,212,82,203
8RxXax9Npp8bb6RV9pTeC8QWdjf8fkwGWwboigempump,muu,1142.0,3000,page,4742,3740,583,38,38,1,0,1,84,74,522,60,158,84,151
8nTq1yi11iJB4M6EC3SqPsj5eoaaRw9kex1ZXgrzpump,Whitepill,1392.0,2000,page,4992,5944,4553,60,60,1,0,1,45,56,993,423,101,45,96
8pa39xkpXTNdoAJWjX7bcanpkoExKtzvs1YZSGNDpump,Pluto,750.0,3000,page,4350,4627,2388,47,47,1,0,1,78,116,885,251,194,78,188
99hKZwdnirySMKgsiM5obGiMuU5sSEpLoaB7GBZepump,TruthGPT,3.0,2000,tape,3603,888,831,9,9,1,0,1,98,60,205,75,158,98,147
9EisLvfTZqpXn9bBwEkcjipZbbwX8bJ6GA5fLf66pump,minning,4170.0,65000,bisect,7770,2377,614,24,24,1,0,1,72,117,610,78,189,72,179
9FBT95R6KUfR3AJ5QwVW7YgL7777BhMHLwS1tgtUpump,Marciana,89.0,2000,page,3689,4846,4005,49,49,1,0,,114,162,1138,203,276,114,272
9M9FKSWdCVFN8GVTqhZ89hBxwoAKd8xxBezP6P1Ypump,Chikuwa-Kun,1375.0,2000,page,4975,4750,1971,48,48,1,0,1,85,110,889,174,195,85,189
9XzzR443dGXL1vCcsnPpJLYUfrd8upxExqtc4MxNpump,Wish,602.0,0,page,4202,2303,874,24,24,1,0,1,62,99,542,68,161,62,155
9n89XRJz2hFQWTYjHpkuCSUwDze75KHUDVf9JojZpump,Rinko,3902.0,59000,bisect,7502,3537,907,36,36,1,0,1,86,155,781,91,241,86,238
9uyrFtA4gM4X7UZN9wS892anAKoAP9tjpdruBT85pump,Yui,19733.0,3000,page,23333,8231,6045,83,83,1,0,1,59,76,1295,369,135,59,131
9y2VWxWB8JPYbQoPRt7DXpEeqiDubeVZD25adVHBpump,Viltrumite,54850.0,833000,bisect,58450,4893,828,49,49,1,0,1,99,98,925,303,197,99,190
9yMgJHG75fhHhEKAGeMSWAMrTWnCnfwTGzELZ34spump,Bingus,5506.0,83000,bisect,9106,5105,652,52,52,1,0,1,100,149,995,121,249,100,239
A9YTBnsbweCwcAg6s4exHDa6PK1eHePRahGF9giNpump,Universal,2158.0,1000,page,5758,2339,464,24,24,1,0,1,103,156,623,74,259,103,254
AKvo9h7sKSW8je7psL4nZLCGpTK2ZSKQD2AFNDR9pump,relax,215.0,0,page,3815,8812,8127,89,89,1,0,1,61,103,977,888,164,61,149
AR9QXRPfM8KJyUV6EUVqxTn1j9hqcLjuqaQjBBkzpump,Mold,6264.0,92000,bisect,9864,3834,945,39,39,1,0,1,117,140,856,127,257,117,245
AXWqvGRy7q4e4xpZY1F3N7fjfZ1QgiY3weZCLxefpump,Trump,0.0,0,tape,3600,1072,1063,11,11,1,0,1,122,162,318,37,284,122,265
AxshJi4UveAFeB7gz1XJmPbqQz86mLSSGTLJKyrNpump,papoi,210.0,3000,tape,3810,3894,2714,39,39,1,0,1,66,109,711,218,175,66,165
B8oVNMRvRBuD1p78T5PdifECFstbiRfGfNVwZokepump,🤨,44.0,2000,tape,3644,5904,5030,60,60,1,0,1,182,307,1262,231,489,182,469
BB55VR9sdrXLZjEx94gToBMnMNF2qoT7PmkHqbuWpump,doug,556.0,0,page,4156,3194,2107,32,32,1,0,1,66,36,639,140,102,66,99
BQDTXj9bvYRY9hksEmnXVMxsPu5VwFDW3bwiXpiDpump,Sagawa,973.0,1000,page,4573,14295,11458,143,143,1,0,1,92,123,1589,1329,215,92,199
Bi6FgnTAo3pmPeiAK1eBatwWiaqXoXo5Yj8TsyPSpump,Leo,162.0,2000,page,3762,2697,1619,27,27,1,0,,99,147,659,94,246,99,240
Br89EN3uVz9Zwv4jyMMKHzkXaXRo1fAadctYQNVUpump,Natty,1778.0,27000,bisect,5378,1894,620,19,19,1,0,1,84,111,520,93,195,84,186
BroixebY3yiiqK7ibEuEufVmqFrLTJhiDoWiFUATpump,Puma,289.0,0,page,3889,5641,5015,57,57,1,0,1,27,28,1079,255,55,27,50
BwBFxTNL7kA1wr4dwFw8tZRE1zQM68gKQcfVGEzEpump,Killswitch,433.0,1000,page,4033,3487,1778,35,35,1,0,1,90,111,674,93,201,90,194
BweRjKus784r75xj8YrUHBKc8vtgfifxhUrtsu6Epump,Chokdee,363.0,2000,page,3963,3470,2350,35,35,1,0,1,81,118,778,136,199,81,184
C34Zcw52YyAsVcBfFhmaVpsGnHKEPZQHg2pqujdspump,Fox,10.0,3000,tape,3610,1094,1016,11,11,1,0,1,53,104,307,39,157,53,149
CCdYjtrXzLStqTNeBgBSkDuZ5iVjqPtsq7n2buLKpump,Molly,160.0,2000,page,3760,4530,3485,46,46,1,0,1,103,156,1033,154,259,103,256
CEHMrrvU6CEJofgXUq9gwRACRwSCG2SwVzRoi5BPpump,Mary,104721.0,1560000,bisect,108321,6120,626,62,62,1,0,1,62,144,1143,181,206,62,199
CP1Y8TMA1FL4TWfFFuDsi3ncw1VkTYi2gGzuEXoCpump,Imagine,5958.0,92000,bisect,9558,9159,4536,92,92,1,0,1,57,118,1328,712,175,57,160
Cw8pzbFogvkryGDS8fZkjFrVueaur1taynqRu1rtpump,float,1.0,0,tape,3601,3843,3815,39,39,1,0,1,149,121,761,146,270,149,261
CympZjkuNLSzXmTd9P375dH5rVnnja4rACvgNCsEpump,Chungus,201.0,2000,page,3801,8984,7778,90,90,1,0,1,116,186,1384,315,302,116,292
Cz2M3oyo28kZiKn3MRq75hRmsygErdg6C5i9Hhwkpump,Uta,208.0,3000,page,3808,5776,4719,58,58,1,0,1,82,160,964,339,242,82,211
DZMYRLGqRUuX5hhXbyDY2MmZdb2w6N6XqyTs4XRJpump,3,1879.0,29000,bisect,5479,5325,2810,54,54,1,0,1,93,82,1032,293,175,93,166
DhKve396PYPUZTsLAuy8yKuupWRuh7aLpZ87CRypump,Trump,200.0,3000,page,3800,3366,1985,34,34,1,0,1,92,188,852,86,280,92,267
E1S2RV6aNSU4inxH7k1wVWFczegAZGj54nyFDhDnpump,Elonify,1785.0,26000,bisect,5385,5350,3850,54,54,1,0,1,78,106,1103,292,184,78,176
EDbFTcQsdezqk1HNxnciwbVYPFWovz6ibZgUVp59pump,Slap,121.0,1000,tape,3721,4534,3617,46,46,1,0,1,71,185,919,192,256,71,236
EL8SwnwpPf3BCBY9jZoHvdtYV7kLtWiTmm6rw3E9pump,Simulator,3912.0,0,page,7512,3281,701,33,33,1,0,1,59,97,649,159,156,59,152
EYCLUmraT2HU6h3YgEQins1CZ6BEQx4CyZA3v6azpump,Memestock,1546.0,4000,page,5146,4021,1355,41,41,1,0,1,83,138,809,194,221,83,212
EZum81Bs7pECU7cttRDiJMwSieJJ9mZBjbbCc7Prpump,wawa,13365.0,207000,bisect,16965,10825,6821,109,109,1,0,1,78,147,1752,509,225,78,216
EiAsJvYospNxVPtUoGbjUreXNbWcxdpKaiqeJNk6pump,shrek,4419.0,3000,page,8019,3463,880,35,35,1,0,1,79,129,740,140,208,79,202
EzrXiBWKcr3WSGLdJWeXvfBSkWRHkaymU7gW5fXpump,Kittens,696.0,3000,page,4296,4995,3074,50,50,1,0,1,48,109,750,167,157,48,151
F64aoufmfWZBY3BoqR1kVoQj4DJv6gMSkgPdTrPupump,Ceasar,350.0,0,page,3950,5956,5092,60,60,1,0,1,33,33,1147,223,66,33,60
F9kE4sAvv2dx6faqb6qHoMYocPzWv9QRmuEASeHSpump,Beagles,53.0,1000,tape,3653,17897,16893,179,179,1,0,1,182,273,1913,813,455,182,414
FBKyGDGLg4WYVecXfSL8Ke2fNXe8Si72NeGbcRSXpump,Nuannuan,496.0,0,page,4096,2600,1387,26,26,1,0,1,87,107,679,86,194,87,189
FKeaJZ1nKME7uhkC1bUFGHUg33C52uLVH5bVMTetpump,Milly,2.0,1000,tape,3602,1611,1573,17,17,1,0,1,175,74,423,58,249,175,240
FNjhEHDYshbNAU7Bge9bRgTgrk1T9dmFQtcPyGAVpump,Fushin,1510.0,1000,page,5110,5699,2506,57,57,1,0,1,115,161,1089,197,276,115,268
FcmXm8f5sk31fuLeRNjaSudFakvak4yNScnkosWgpump,Eşek,53645.0,783000,bisect,57245,3687,968,37,37,1,0,1,83,127,882,136,210,83,206
FgJtjhHGSzRecAEErPzwmbq7SxieqDRzwrziUrtzpump,Sdlaana,344.0,3000,page,3944,4297,2976,43,43,1,0,1,49,149,857,231,198,49,189
FjLbCT5pj246VsQmJ5fj4za7nULWQPv5cwipFKmJpump,大坏蛋,144.0,0,tape,3744,2864,1722,29,29,1,0,1,95,159,706,93,254,95,246
FjTjSzPtikyr7woRmtinZjejJhBKsdoJZhQZdeFRpump,Floyd,142.0,2000,page,3742,4735,3921,48,48,1,0,1,89,102,908,155,191,89,186
GBmrxrKcEhiSm5z8tnueycaCcqdPDrQzX8tXBhRApump,Human,204.0,1000,page,3804,6921,5504,70,70,1,0,1,89,157,1300,249,246,89,238
GFG5ZFMoeVrc3fapj5iu6mTyRixoN1wgab3NCjwCpump,Baby,82285.0,1036000,bisect,85885,5689,1788,57,57,1,0,1,61,123,1111,158,184,61,181
GFK1VMaoR6WMaU71j9Hypv8zn5CvsVQc7WXrqmhVpump,Crinkle,238.0,2000,page,3838,8006,7058,81,81,1,0,1,63,78,1063,760,141,63,133
GW3wyPJYHGSaZbEb3hcXNvLhdEqr1YLoULXDcduApump,Sparkle,5063.0,3000,page,8663,1363,401,14,14,1,0,1,43,84,372,44,127,43,123
GxN4wsPK42AsN8xgaj6xMynFmdCwHyeCGGgvGNF3pump,Spam,498.0,1000,page,4098,3548,1674,36,36,1,0,1,148,143,824,148,291,148,283
H23di4NXN6j2pwLwbYjtag1Q3v7ANyXR72kzfWYKpump,Fridge,363.0,2000,page,3963,9737,8559,98,98,1,0,,82,98,1216,985,180,82,171
HHUMekq9aj3FP46dGW6ryFvUVoVKcRBZZg6hso3mpump,Jabarkus,6368.0,3000,page,9968,4777,1077,48,48,1,0,1,110,183,1026,151,293,110,278
HPH2DXvDTTwZbUC84pWEj8fw7KJKEYMDz1Y8waaSpump,Defeat,1112.0,3000,page,4712,5563,4087,56,56,1,0,1,45,58,933,315,103,45,98
HrYUhPVYPUD6JQTeVgTF9iHmyUx3Jajg7mjvEm7cpump,Degenerates,11355.0,170000,bisect,14955,5216,1281,53,53,1,0,1,81,102,1014,161,183,81,177
HtoNB93hCvc3HEmYb55XnEJhhF9PuhDKcb92L73Qpump,69420,1789280.0,27693000,bisect,1792880,10000,10000,100,100,0,1,,0,0,838,1016,0,0,0
J42xMh4sAHLdrBjNTDgKNcPym5A83Ut3twc7L5rQpump,Freddy,2574.0,2000,page,6174,2018,437,21,21,1,0,1,103,119,526,79,222,103,215
J7MxvqPyDMxL3bNWhLw4KUHN7Gnc7a213JG3Lz8Cpump,nothing,10345.0,162000,bisect,13945,5411,1420,55,55,1,0,1,96,104,1182,192,200,96,191
QaL6zWWUqsaXYXgUofeUjXy1Swmwx7tA9JQZZZDpump,POW,375.0,0,page,3975,2547,1160,26,26,1,0,1,100,86,675,85,186,100,182
Rr1GZLB9DCcabir8bYYsE13GbpVyMjq6AJqJdvspump,Mask,539.0,3000,page,4139,4683,2943,47,47,1,0,1,85,72,985,179,157,85,154
V2ZjLZT5cCfLZXUukcG72Xz1BxSPMyD6FPtgg58pump,Float,8.0,0,tape,3608,705,650,8,8,1,0,1,43,106,235,27,149,43,141
bWBhZwLW5z8XruKvkRWTgRHDsdoym3jY79M3NLSpump,Mogger,1085.0,1000,page,4685,2527,1030,26,26,1,0,1,80,85,592,106,165,80,162
yLT7rHdaNkfnqfg5pxXxCTrx1Rsnagod16DnpKBpump,Nilly,2000.0,31000,bisect,5600,7241,4363,73,73,1,0,1,95,86,1182,396,181,95,168
zes5tE3CShN8srHEuyxVcZ1reMKrXFW5gbRNaLypump,Win,3072.0,46000,bisect,6672,4851,1621,49,49,1,0,1,92,147,980,238,239,92,233
