mint,creator,grp,dev_sol,n_create_slot_trades,n_create_slot_wallets,multi_wallet_tx,max_wallets_in_one_tx,creator_is_first,p0,last_create_slot_price
aYNwhRkVp5oA6ZGYR4EjuRPPdDQTDVDrKkmBQ5bpump,FHCLS3LzMWE4cCiXuk2iMtpGpnN8nimiv7iJewKtTUKZ,preset15,14.814814813,15,14,3,3,1,6.239104152744016e-08,1.0021676642880007e-07
5R7Ne8Lu9X8qgEaNBQ6MQMLCqWSsJqdEH9jYzZQcpump,8T9ychy4shZUYRu6LFjgNYDWPEQ14KEwyNXsr76fcNZy,preset15,14.814814813,4,3,0,1,1,6.239104152744016e-08,7.487291663104498e-08
FBu5oW6cXXhmjMxCLXxcgWLnS1BEPeqcN1NgfwCapump,wWaasN7cGjxp5rBH6Jc3LRncTVcdD5cH9XAD9k6KcPw,preset15,14.814814813,7,5,0,1,1,6.239104152604795e-08,6.335763419575078e-08
5eyqBU97zAPKM58AJGZZs8SdaU5bQW3k8YQ5jZAFpump,BSY59UH2CvMAcE6hRpg4wgxJ81MryBRkY9GtpJ846wzp,preset15,14.814814813,4,3,0,1,1,6.239104152744016e-08,1.4167187382075633e-07
9X3XQNGCFBczSnTqFguufd5uAPpUG597P8Ck1Ltepump,GiVhpR7ci2rNurAhBt6DpoZDJ9ySA4mfm4Dj9hm4e6k4,preset15,14.814814813,1,0,0,1,1,6.239104152604795e-08,6.239104152604795e-08
4SLntRxvdnLanZQQAwTPGTV3dGfsTGydRN1ig5vmpump,8nb6GBUf6Jr1T3yVQQCm2Yhz3h1P97BKHdebWDdDpc8V,preset15,14.814814813,7,6,0,1,1,6.239104152604795e-08,6.377365429305708e-08
Ch1MgUHErY1jruvHjekTwmB6eLEmFHxkojkYpka1pump,G36Ki3U33R88QmHfsVQT4QQVhkBQWG1bEE8zTWeSuGQy,preset15,14.814814813,7,6,0,1,1,6.239104152604795e-08,6.334263393177587e-08
6AkytwyA3dskpKq4tCV12thknK4DYdr2jCot3FU3pump,EU99KnMn8DfgqhU1hz3TD14w8SBjh9LfeEEQL9AZJVze,preset15,14.814814813,1,0,0,1,1,6.239104152604795e-08,6.239104152604795e-08
HWCnENj3dv4Vc612zDDYzYKAamSgm2MMGRsHEZxYpump,7VMjBvvn1Qsg9RiYGwhHfTmgn9dXcQqLvBVN3UzLkqic,preset15,14.814814813,7,5,0,1,1,6.239104152744016e-08,7.71188109555766e-08
VfDZ4j1HRFrr4Z4bb83xtzJHBqUwxmSfzgJijeBpump,BcxproHNnqpNvkhsDYhrkoTMHNJkiQf6pNAZVyB5qdJR,preset15,14.814814813,3,2,0,1,1,6.239104152744016e-08,6.801229116797501e-08
BCakH75E8YNcYAvNbCjx6U5Pw8TNaeKNcwRH6W7Upump,6wY7wWyX8esJm6oNFGdvYj7PFHsAcbqHGyCboJAPwXLb,preset15,14.814814813,5,4,0,1,1,6.239104152604795e-08,6.452727754436244e-08
CDmjQ7zs5knJqYEW6gpsgfYCYko4ierdk6JFDNM6pump,862TYSvRYoiHAK3F3WwTRYAfuGiQaGdxedN9AGvRGWo2,preset15,14.814814813,17,14,0,1,1,6.239104152744016e-08,1.3526418091550463e-07
C7UoJMLPMBTa4Ab8ttuq53Po81fKWphQ6agLc5xppump,Az9Sy33xrAMGf2dXFsx8U6N6LE417AEPzSspExPmbWxR,preset15,14.814814813,2,1,0,1,1,6.239104152604795e-08,6.583191043281009e-08
E14S95gAj6v6gzJoJVzr3D4v43PLXPT2viPqFsfApump,Cep3z8xWb9BSvNp5oPbgLu6nuEJ5CvcFvNTNethg7Vpf,preset15,14.814814813,4,2,0,1,1,6.239104152604795e-08,7.664434205347072e-08
6HfZqyGoo4YHrRHyBkRLYQeuUzxJyTD4RfmGjdspump,3GeJvJBWWpG2DGxKiUVWa1fsQmZJgWyxNsyunEqKXqjb,preset15,14.814814813,2,1,0,1,1,6.239104152604795e-08,6.375972565960533e-08
BXikaz8zv5kotQxbWPdH9QJmY22Dz9DQSQNsGiZ4pump,ARW9NzhpuBVYaYBZo6fW1P1U6LTNwUY6jfi7XC37Sa97,preset15,14.814814813,3,2,0,1,1,6.239104152744016e-08,8.119519374790769e-08
FLxy3B9JkxK7XoPGhS5ur9QbGQqMDX8itWgqvjAPpump,AJVFc4cbRvV7NpMQH9qZTuX2JLsdnfGHMZwMXKjZRrKQ,preset15,14.814814813,1,0,0,1,1,6.239104152604795e-08,6.239104152604795e-08
szVXzMs29NDFhkqY86zsmLKhCKXmtzGAX6TZqjEpump,G7JyKEtiDeXfxXKfkbE1xn2r6fQspZxjBQ4511syEW2x,preset15,14.814814813,12,11,3,3,1,6.239104152744016e-08,8.773384250824806e-08
C69bWqrSUZrk4e51j1o4hApkwEuiSBdhiecXJWDLpump,6yLb7xLt3gD8LbjNtcduvH8u127fFfNnrWpXNMdNWNdK,preset15,14.814814813,5,4,0,1,1,6.239104152604795e-08,6.316342242083424e-08
FTsYkiPz5k4shFrecNZjAWBBnKzQLeKsQHSCL76Xpump,5vuzbDcKsc3gpTsUJ48PHJEHo2hfzyyYQSW3UWWr4TvF,preset15,14.814814813,6,5,0,1,1,6.239104152604795e-08,6.326124283573417e-08
2HuL93oJBgLnNHiYJz6ur1Nmxfh8dCKviB7jpwgupump,BTf4A2exGK9BCVDNzy65b9dUzXgMqB4weVkvTMFQsadd,preset15,14.814814813,2,1,0,1,1,6.239104152604795e-08,7.387596668098232e-08
BcLaTfEVab8CUL2CaUe1F1MYzKFE8NwbpEZvynknpump,4pFwgy45U57M3Qzn4URkLGvqyrA1aBHaG7wRnjxPbcRb,preset15,14.814814813,2,1,0,1,1,6.239104152604795e-08,6.799793576805448e-08
D7Wiwo46EXzdHe5tK8cUaJ1Mxwf2fztv6eqcL51zpump,912kspVUFKRxTBAVRjZ2ikbiVHj6ahgewkHQqViehJf,preset15,14.814814813,9,6,0,1,1,6.239104152744016e-08,9.048247072373501e-08
Fbrhw9ngfrvXuH8e9tejyhP1uJweERUNGJ9xkVALpump,DW6bEaFLNnN3zjsjdspSLdapgbQir7NZ7WPyiqTzg95G,preset15,14.814814813,6,5,0,1,1,6.239104152604795e-08,6.338532189801376e-08
EE7gn9ihD2YVHWVY1usn9GkVdHP2uxrEmPRkufnfpump,F5TjPySiUJMdvqMZHnPP85Rc1vErDGV5FR5P2vdVm429,other,1.97530864,2,1,0,1,1,3.176204916505928e-08,3.419077720026692e-08
Q189V6zFm7dJvx5TBijyKQLs9HJiSf6mv1cEKhSpump,AemFWTc3ekzVw5LhwZwQvASo9frMRR4akKJCxyTewFd8,other,1.1001719,2,1,0,1,1,3.004724113729571e-08,3.0431993064439744e-08
USNVL685TtcyqSP2k6MNQBUnN3CGmQctmEJk4EKpump,2pR8m1HnQArujGN12yaQyJNXQovK961uzTbYXQU2vSWt,other,2.962962961,4,3,0,1,1,3.375448670917235e-08,3.7103431701503575e-08
HR1gMJLhXBNBAHm3qsgviQeRUGctpkBVRB6tJL7Wpump,H1etRBGzL172JSZhnS1UHhHfVPNJX3uNgaNa97idjoPW,other,3.500546959,1,0,0,1,1,3.4864450032686053e-08,3.4864450032686053e-08
EWJxn8pjLwvpEHRYfKGZcsb5EeUWuYe45isjN2sPpump,4rQsc1gAmUkHt8M4xN5h8Mi3R5kXDr1XjMyXq36iQxnh,other,1.97530864,10,8,0,1,1,3.176204916605261e-08,5.2230036580309786e-08
5t82sjiFzrWhorQqEt55SsmoHFdNWaXvEJ1thSLApump,2sr5Q1NU8T4A38LLhsiA1Kj72ARZhmzxbj3Sp1KyobG5,other,4.829629628,2,1,0,1,1,3.768571295615049e-08,3.8990692900516556e-08
X7v9HHK4K245xvsBjnQ6BhhhfBaNrKgpiMhWmQKpump,Fxh3vKo52WJJPrV9GKT6Ho2mmUFbY545St7GTHvvhKdg,other,2.666666665,1,0,0,1,1,3.31503917676987e-08,3.31503917676987e-08
FG1murqfc6U9vLgkwWRHZyzHuak3hciv6WzwSmdSpump,2ceHorBhK7RPP6BvuhRmTX8uzRq6u8a9kT1TqbiL4V4e,other,4.444444443,2,1,0,1,1,3.6856780148708095e-08,4.347046066251133e-08
tcs54wiBz7jVLLhGyqnWjFPX9csmfA8QBWMYVkDpump,73U557R6EP8LpfTNsYtHQaJa7pCkmh6YHJ4c6wH4Esry,other,1.0,1,0,0,1,1,2.9853991922957425e-08,2.9853991922957425e-08
2SUjMemWwJPhuwFRmLy2toSnvnE6Ss5ZP1fdDbXXpump,skiFC6YBNzoH1DUrWLpVx2y7L1mECRNSQNYrEbEBNaz,other,5.0,5,4,0,1,1,3.805529667598632e-08,5.220753377419544e-08
HbCK8QuwNoy34swQ2RM5EcXpKh5puL59FTnJPs62ZqBM,8eB3mTnUZybgdG8rSHJU39TeetCi9LNokegVnSQFQSGs,other,3.85185185,8,7,0,1,1,3.559949902790307e-08,4.516464198721514e-08
GZtMHXps5FUEXnLNH2keBQDEbqLC6eDPVDu3YxnKpump,3WaTCgTy8eUneSVcw1PDvNgozXauBDLDbkXCjoKP4oYf,other,1.000156273,1,0,0,1,1,2.9854292915514784e-08,2.9854292915514784e-08
Cu7tSQpdeDM5wqdbFL7KhBrRPaYGPxbW5zusrjXypump,4r7eKx3hhJ9NfP7a8cD9YpMhKk2q1FDHdBPJq8jyNE2k,other,4.0,1,0,0,1,1,3.5911773842808325e-08,3.5911773842808325e-08
4jTyqceS38FscTpM36AibvjFJhVoF9fvXwZywfTbpump,DB1NawM5nJohVvZW26jQSWvfQn1ir2oHxq3bgSypXSSw,other,29.629629628,1,0,0,1,1,1.1045954425512426e-07,1.1045954425512426e-07
Gp79jSzEDzz6aXHig6DQCYtSAw2Pi6xMor4QQChkpump,JE8eFoVR5ZDpT7au7DdNuca1YrmNmSCDUoLy6rhzoY8Q,other,3.083247688,4,3,0,1,1,3.4001282310380267e-08,7.355360168976024e-08
W8KKyp6DDgU7xx7ZhdoE1QWFvianCAth6aurBRKpump,EE6Q1sZah3oouKJ1mESP38xmc4nEKQDtuGFzi1Pg323c,other,1.155555554,13,12,4,3,1,3.015435358429264e-08,6.293162348745914e-08
7cSvVxxzqU73uCCttmKxrSGGCYdDPPas1PMDxy64pump,9EVpdYwsHdSJDdmh45P6wipHWgQjGVZ4HgSUX7aMQq9M,other,4.790123455,1,0,0,1,1,3.7600269960054064e-08,3.7600269960054064e-08
Am8iBffqgaedfdK5XhtorbcRrKzwH9nyL3ySikQfpump,Hqs2PZXsJoP3oE2mmmQpWxc6psYxwJ5CxNFvGtRQ64ns,other,85.005359057,5,4,0,1,1,4.108801681207574e-07,5.576812435289398e-07
hJnhH6WhQKWzjGx49f8b9DMNqFrioxbX8anm1xBpump,AdohktpLDuhqjBE7opiwxDCh3EFf69Jhc1erxjZrjmc7,other,2.000312547,1,0,0,1,1,3.181174287373983e-08,3.181174287373983e-08
G8JaRoPW1N7qTZ7qznvz5oYZCyCktg9sGLRcJmeRpump,GyTwLeZ5uAZsfyEMWbiB6rYgSuR9cwQhha5FRWkbKcLM,other,1.1,1,0,0,1,1,3.004690897794343e-08,3.004690897794343e-08
J2Qk8qawRT327opToSyqfrR3whjUe7cU3o6n9C2Qpump,GgKmvYayypMXvnfB8iKb7onXxufogtjy3BdTpTAFpHX4,other,1.97530864,1,0,0,1,1,3.176204916505928e-08,3.176204916505928e-08
GG25A8r8wHHX5bTJQ8qMzSFZtFntCB61ajwzy7jipump,DMm7MrkDjXVQrfX7haRUs1p468pAQRtHY417RfBic4vu,other,2.88,5,4,0,1,1,3.3584790307548927e-08,4.300770610539372e-08
BQ87hdcaExwb9jyHPnvFQsPy7TVxTTVfgTdxfVrkpump,6BwNZybBttt3S86DWsKhpSQBYLWnwhMMi5oiHEhFWXVM,other,2.000000001,1,0,0,1,1,3.181112146828206e-08,3.181112146828206e-08
VAMPq5WYjaWGBurGPBkxKrj2QWYxdJ9a6iVmSdXjr1E,3TgwvGPoLsC8Art88MPFSgHtXyHD2Cec1ncqt2WsJvdw,other,2.962962961,11,8,0,1,1,3.375448671019636e-08,5.568161454282619e-08
5nqPVfqHFgjAhq3yQ4FsidCwUkrEFq18mNG4Sungpump,AzJGiq6bygQrAXkYjwFyvhuJJcBWGNSQxrPWRmXAF3Ff,other,3.0,2,1,0,1,1,3.383038210624416e-08,3.424169003989808e-08
HwDuvZ9vwp8w6wqvbqqTU35qw1UnVBP44eFXcfAdpump,94igXeWF77UUvtP6vARAEs22JhMCmdXzsgyuH8CZatYm,other,1.148641974,13,12,4,3,1,3.0140972253011305e-08,6.400918282526517e-08
EPmvfBkCZ7rJiq9XSoUEWMBorWuvepb55pkKqSXDpump,36bzq3wgTVqxEdntnoP9r7d6ZVJjgkdfhwfUyt4a1PXt,other,1.97530864,1,0,0,1,1,3.176204916505928e-08,3.176204916505928e-08
9f7bSX7PpXDmokhG1Hgs8GDHpDSRXXuttWFVzaVZpump,23nuEANjatU9atGBJBFcYmoFmae4W3FuFxZhbWRo3FKK,other,2.0,1,0,0,1,1,3.181112146629385e-08,3.181112146629385e-08
6MB5zW18vgHSVFchNWNNa5EhYt7WRd1nXhtYmfwZpump,FnLHRsymeiV1CBhdBhVYsYBbX77qCTaZTfd4EB1TUyLN,other,1.2,2,1,0,1,1,3.024044734389557e-08,3.043220619772472e-08
7sUVMTNkLYeH7jjPsXpFuzHSjSPdZZUqw2d29AQDpump,9ENdmm4jB7KR1oWBKq5BfjifRwFdBD4UxtiKPq3iSvxP,other,1.185185184,1,0,0,1,1,3.021173578628062e-08,3.021173578628062e-08
C55LsbstyyiQAP3axuHGPk1R87fqg6WmNhzJjdDQpump,CqSjreZ7APgs1U1SwwUbY5nK6dge6SeArJ9XwLFijjKq,other,1.50023441,1,0,0,1,1,3.082524907999215e-08,3.082524907999215e-08
6GLvDB9FskLoDdCaLYYeYfyTSemFyiNg4C3M3ReLpump,AeMVSKaxA53G2V2zvZo1dovizodenggfY2pYrJ2QySM1,other,7.0,6,5,0,1,1,4.252873563218386e-08,6.654874446842752e-08
RpAojRgUMxbcoqEGAFiZfXFNVF7jJssz3NCDS7opump,FmdE4GP3P7bnHh3yCLuhdfgttcNAzdNiTEsyyB4Fn4MU,other,1.260304687,4,3,0,1,1,3.035746036539466e-08,3.420611323099642e-08
6mXUmiVWwPDfzG9QMicRxmKTjjyug9fM5fXGweZ4pump,EYKk5DhsWewfaZK6ejjG8BgdjrsW9CFL3eUcDPiLQ9dx,other,3.950617283,8,7,2,3,1,3.580753072061936e-08,1.2987060778085288e-07
FC6SHRX2L9cvj2WwfqS7TNZVBJCm9du6cxALrSRspump,6fqV4uKGW6VHD784x4fK3s2ZHBMHdqnv8h7Th2c11mnU,other,1.000156273,1,0,0,1,1,2.9854292915514784e-08,2.9854292915514784e-08
5T12YSqLuH5JBy9hRfrVMeLNwujKjjepH7eVbeKmpump,2thmmsDNhwJdHdLSZV6FDJxEfS6Ydr3PS9HznJjREprU,other,1.46627566,4,3,0,1,1,3.07588227370479e-08,8.693326119724074e-08
8dSTpZUS995mmCKozNfdv1hWqZC1yUWR5QJZDzSnpump,4RQj64DccPLBJhjK9A1oCXUN67vwB9LfRmTSeWxkB9at,other,3.083247688,5,4,0,1,1,3.4001282310380267e-08,1.234576838761601e-07
2fXhxN7W3p9EJJiyACjjmoQY2WtckbnVi4DdSEnDpump,25Aj7CnfkngZbYSU7wCMnadJYr8gUqrE7yMivkqcWubj,other,2.962962961,1,0,0,1,1,3.375448670917235e-08,3.375448670917235e-08
E9Yi8yQE8UxZ23a6hUpADDnUGCBP5W2o77u1MfUqpump,XRyVihYRRgHZDy7wyN1xARvMJrGNHtjQFJEjJSzksAU,other,1.97530864,3,2,0,1,1,3.176204916505928e-08,3.1879886308896625e-08
6xjNAEtuDHBZFiC7aSQA79QHq1dzBz4Eg8U78NXipump,5CV7rkmb7b2VUD3kpkCB8eyj73Tw3b83Cyh8gXWrrTVS,other,3.0,15,12,0,1,1,3.383038210624416e-08,4.540275417515566e-08
J1nJ3PW7WQf9JvqWANsHioNWgrGTwMVsfw4s4GRCpump,GrgANSxK5mCmngAoX4sJUs23jVqVyjZZGpToEWqofnb1,other,26.004063134,1,0,0,1,1,9.743569703376996e-08,9.743569703376996e-08
GeqbEuFypF1RwM98zGRxQKWg3w5MLEEyyRMyMV9Jjmia,HyeJNBg6BgjFcsz7UY6JE29UgRxMqxZzcJ8PSJxi7Gsc,other,2.962962961,1,0,0,1,1,3.375448670917235e-08,3.375448670917235e-08
CgusYs1tSeJHjb6uxFeAq7KpaRiLajYTmuc4hdLxpump,FAgFBbcPtsTJ3VodUfyQqTT15TncSpAcifSemCadr2V3,other,1.382716048,4,3,0,1,1,3.0595677743069167e-08,3.833891271285789e-08
Ctsro6E7jYfD6qtm89nb4xeTvquG3Zaj7DeBC7W6pump,8BTttrJVGjU74hFRKA942ksott1ZTkzuThbHNd9oSrcY,other,1.195061726,9,8,2,3,1,3.023087530565237e-08,5.133272498408092e-08
EokTLDHA3ifLuH9NEh3ZDyjdkX4pJnEbo5NpkZT2pump,jWjSjvV668z9yTVdFcRM4sCn1hyV36Vs7nTR3MRgWWy,other,1.48148148,5,4,0,1,1,3.0788557818439954e-08,3.95461920311387e-08
7HzTy8jSYipUMFGe1KX314vWDt1jxQyVfFgAHQukpump,ZfqW7fVXMFjtJ5MizWA1cEcv6DumAgjufEJmaWwZz8j,other,3.0,5,4,0,1,1,3.383038210624416e-08,4.6257203382873137e-08
