wallet,control_create_slots,control_launches
Anubis512ho5t7S6LNSwoxUWdeQmX2kf3RvZ8ApHHF5w,9,70
DQApNebkK5wCmy92T5c4Z9NePWjP7dC4avpLMzuxadxR,9,70
6hh9uNdE2idxjZ2SUit4M2z2tGKe14sNsLiN6tZNNfew,8,70
A5XU8yUvT2hw7rMLSybi6eBBuSd3bEvYGetkrfVS25qC,6,70
FDKdqQc5YfCNM3Y1VFwrc7NjY3SjKvn4dnyJv363yarJ,5,70
GUdmseUPSpkeygakvBgoB3kUfpPdEMyHaZM77iAeD4LC,4,70
4nuAhCQzXNszJBdGWGT4c75oGFq2fseNUHE7GFAo4Trx,3,70
HPfdvzbBUy2SrvLGi6kovLcnXC5Fm2t7459ifbVFB7wQ,3,70
GaUYTDxSEGcXEVZdb416YwA1g1FdkBm9qp95NS5bFb2R,3,70
2CQgjcdNEo7WtbQLpJTAVcC3Ga61pNvRDTgP5grzctFG,3,70
2mqrindMAjJEQPLhroYWyiYPo5h9iAsahfdd4QtsjwdY,3,70
Hzr7N2vdvZXvbHxUyuLdiStGANeugLfuHEkRbuLSoYqS,2,70
APPrHCsPFRYiJkDvBbTUMLe9nceqnGaDkNSrHA6sC6q3,2,70
abzEBoqeRdimjVZ8jhtKshCFNHf9TDEZDCtjUVjw2Ua,2,70
HYDcZdpcnfSBUD6vQzHVsWxj6k6fcJ6Dz84iPeiL5v7V,2,70
watCyo6NEQ5FC1jJeQy3sRUo9AHgWn9rQiPspzwZNek,2,70
BwGKwK5MciSVXYRRUMV4pC7UuqaQ179Q99SFWYyZHR9J,2,70
ToikNWRGSaTJAnRjYRLd5HaHwr6xxtFb7L8sPpmETMr,2,70
3Wj3ArjyEGn81fxkBaestqFwbjkjz6e9PKkcQuxUubRy,2,70
2iDjgbg6GN1So4znTFmLQcXwfFV8mTsHWh82Qi1ERHDB,2,70
J7u4v5MhSj69CtRPgd4X1gC2AcNy84L1Jt4aNoBSNRt,2,70
9zzuA356LMUZiKVmq1kkAUrHKHxLL7CxCuaeM3cSJ9Ph,2,70
Fp2L5HRW1c5npagh7Yuc54uSiy7Q53yQ2o9TnyDNYThx,2,70
9oqvSpHtNF4wtUuSWrr5zDb1z6fvYCWTikyjRp29QjNY,2,70
5Vti6WaozsxRjmeYByJ3WkfQWZQKMo6uowAJrf8GVy5u,2,70
GpHQCGwAsRvTnKMPuGNQAfAX4ZAQ8jW4ujUh5kX7Tija,2,70
3bCoaZmkeEtRouUbqDtVuM7pMakDJBpFzv9adFcch3ps,2,70
EcDVGgAJLe68ZWtRvN9XLgHeVYwNP2MjWJYH7Rxc4LGu,2,70
GRevWsvJCmmZ6cF6GdAkpKNW6TCLm5MBKyBc3XtUeMmB,2,70
5K7CtSXu8uY6ifsQ6hw7wMkjy49gDy4uix1njT6e4ZMt,2,70
CfAEESt1L1yn4coyzmxMgWX4TKjUV2zVWZKWRMRw62tw,2,70
3ajGGwXj4TgjgdW4hH6ALxGptUevgMb52Dxehu8Dzuxq,2,70
5brv79eFZ2rGprXNvqgVJBkBptkkw8GJX1XydJyZLyAr,2,70
25PuSE1RVeeau3XhVLY4Wrhu1D5osFf5DZkYqVqKHmDf,1,70
9ejkZRdKGptUzPnoTP5gUfu13W4oDy68NzSga3KNpYhP,1,70
9qSCXyUAEDbtgZK4n4cCg5DAJA38KNjJrgDdK92ELyPi,1,70
7UkoVGwxJMbNGZVV2rqLkaKi5FoDpmvXzXN7NsMLgKbR,1,70
4pXUgXVZfXeWQDfQCRpvgJz9yKKnnjLJvbLVKixFC8CN,1,70
DyA2x9eKZcuqN2QAa5NwcgZQnQ49m2FjY2iWqwSHdNLA,1,70
tsspzhpQNzjwAtj42Lj4ebbJdU4CUU5GezAcDH9bdRp,1,70
GDQeTnqkyeLyRSjWaeFY5HsxaWoQmmXFc1N6wyuuHiQD,1,70
5ssf9bbfzYqYP7TXAk67g2AUrq7wP1dkYjo3F9gaEBM3,1,70
BXdgpbMgFSU6FYJpgcbqrj33kkJEsiXKNdYEpsqu2Lra,1,70
Ea59ZZLtfoUvTvFiovnFABMkwDUg6wM47Ca1B7GTmQGh,1,70
Aq2EcSvqDbBmPwiP5z56S5JHjSzzZ3C5CBsJ3FRa67T8,1,70
ETwFDcuXBv38wD9AVTgP5quZkmkrmrHrJUJF4FGCssRi,1,70
AKRbJrBCrsnXnn15jcLsp2A3A69BbhrqrEZCo9i2gvag,1,70
89sirr7Z6eoxuMf3zjTpJJMQWRJPVperGd7EYDUoxFZm,1,70
5yZx1tJramkVgxh49u89PahACux6oWVfspVdBiYMJPMx,1,70
AdWPkJfTyyuYJ8C56d2v3Sr8y25cuHDnpP9qFSma5LKU,1,70
FyuqUnbzHDmTcWm6K5UmRNVegxWAcgfER4Mm3S6x5Jsv,1,70
7J6nqT751FMREofS3rjhy1K2oRp7MvmZo1Ybvgh4bpd9,1,70
EpU3VZyijL9QSJYTRY1W9XLFpHvZ5ZXoghgY7wo7kQr4,1,70
CupEouKEr8ssvw4JBDSc7urrpkCBajbumeogAU62edfW,1,70
CqkJJsqAi45nCTHioA96Xof9cdERNFTbcyoabNNewdMH,1,70
E3muaTdVCDiPGB58iL8Si5bUhbmMg2L2y4ojgFWtUoKd,1,70
HphmnZRWxWgs9W5SYkySiibFTv2gT7V94sQXjU6jLr8K,1,70
K7w4ooh3JhjGcdEYz8dcvHsV8rWs3r5kzktkUgVZRcC,1,70
D7QurckvjJ2ZtvAijtkyCr6UabwwoBjK2F69x9Mih39R,1,70
DraNpB7YsypP3pYfMb9bCEFNyoWbzg7vtXsZhFFV9RUu,1,70
DSUM1n3BCoS32JEJpkXEoa8nmmcgvyK83RiXk3cbuHVE,1,70
6qN1twjdd1pNQ8qtYFns4mWP1ahZ6yFLzCWxYP5A2ZNC,1,70
Fpzwg2vnJt7jg4ZeZZfRpFU36h1h48CXDEKmMCYm9QXL,1,70
6xDWMVe4hymuieCRtRntVifcsoEnHANBksjtCuszAk7A,1,70
HwWgT4qXsTFCssX1r8jecbkMFsz1RnGeTvyZ6bn7rvcL,1,70
21rfafknVM3aVpxZLzC2TyWmKsrT7X1QZdwps6f9sxaA,1,70
AXK7nSEeikjmW3vWmSNy6VkRTLXvTXHYeMYrKCqLW4FC,1,70
EQ5WSWiean8KrS5Z1mpsoyRwViESb9RVA6F1AdtP4Y8D,1,70
5WBg1h3bmbDNVzsr5DQrmqCtePfvv71WFMGWJEXAjCMq,1,70
DSmkz9ztNRJGjqWMB3zmxR6bTg1y42AvSZciWj3f74Ut,1,70
AZ58RWU4TM5i4UtmjwDwRYgcbGWu9Zjn6kUrdWjTN4Yz,1,70
24678QKx2Dy8ZCw6Ra8o9DeTqPLL5GR9ZQKxt5FddHmq,1,70
DD8zQ9kQsY5FknVqkqZXPHQy7iCh55btqa1ZrVQJXkfM,1,70
82jEiEvLveh9p3h75WVy9gKBj54s6HN1cHTayCDsBJoo,1,70
BUBBLEtr8BEJZ9PyC2DFYxG58r8tu5PiyAKMVm14hCg9,1,70
AfpDMPZ7JGw4vDtuCdZD7tSHMZL8ozXE7kbhpvF9Wadu,1,70
BhoAwD9opZTgu6EnegF6udotKNETXERVkm49TPgN7Sg3,1,70
79WcDaHTUCcKhtYigg58Ce4fYmUXGWax9msexmKmQb85,1,70
7zpi7rydtDwp8SLfTxicFnHVHMYo2cuGrixwRaRrzeEy,1,70
6onifsmkf8dGc68MUFrEAaPNcDYFAZdAtcsJAVufcMpi,1,70
2kTtT1sakUfhXL1PmiinMN845PcezHaSa122W48mXZxC,1,70
3D3e3yLS2BS3ikPxNksz7jD1zzCaCtFr7Px5fQfmPzke,1,70
3UASFcLtVxg2aUoWnRHuikw8fYi7niRfpBUJLGRJGQri,1,70
8q8Vdu379TtR7sW2Hq8hpqUv7A6fjG6fG2o3PtbvUQxJ,1,70
G97Gezrbsbv2hMo6uRj7NWHnjFg8XPwnvnPkmxuxdNb2,1,70
C2T2RyrTb6QuV1rZe8s9oa2BAkKe4yvSPCwQmmSUsxWP,1,70
2tu2w4dCTgrueVsWqBqQ6g5ZFnNShiPwnVL8czGQ9Lxe,1,70
5vGDscm5v1oJhyuXFJz7QDvwo86B3SCRa3nn7twDRpGp,1,70
J3eXCJDziZmqpvASu2eVJFhqph31nrVE2tBxDEraMfRJ,1,70
BFrf4eGAvnhAQMRKdAAYT93pLEciw3ntQrfFys683rMX,1,70
377j4NcTKsnfbyAoMq27YnQJKVB4VHx2wv4YUm1DjYC7,1,70
H8K4oCrSKA8kxtWp6uP8DBkVYuEhhzFPBP8SNnUNk7wS,1,70
pornhubJKnboZ5DabZKvSW9CW1ZmXLDKQJgNYYQ44Ep,1,70
6ft82BN88v463Kn3WQiS4DZvvdCKhAZghDdanxPoQnAd,1,70
niggerd597QYedtvjQDVHZTCCGyJrwHNm2i49dkm5zS,1,70
27HFmP7ccLadGswvQfvea4o3juLw75cPF4V6jWpHM3MX,1,70
BaDHf2Dx8UscRhT3jsKYo7zDtgJKnYJki6nWAwGViyie,1,70
3uzzH2AJixZnXaS5A1a2Mg4qCW6v2Pd2KtBCoxD1KtLE,1,70
GRBksQBUocuyD7qs8E9FBVSaPqu3F8CNxqATqCaPYfmv,1,70
BKoVjAHaKYcMizBbcuwP1ZqMtNZZ7Fu6Xt9AkAAFCKiP,1,70
K5MsMzrxsTA5NK17WBamJkSE16CHsxReM2nHbGTrmTz,1,70
5BFuw7KyK5ryyvBwv4uJYwwNMnXPqGJGcf6okqtnhmFJ,1,70
8jsPACiiC3x7d8gWN9yUUcvjqhJDpnEcV5BP8wPdD2Eg,1,70
4yFAz7dp5WwuZs3vbWKedbRiUmSFxTVGCdsLAxfEQrG3,1,70
BR1fyh4GcYunLHmL7WkwTuZgcujNVXpjFG1eLCc8uNaz,1,70
4Y9n3UcfuDwa7FYn1kyTXkiRWbQDuLdfoXGrZP7AbQKn,1,70
C1jeJft8FZJ6c9qPJVnaEbfgcSB7WkLPhqRAjVb8vsxy,1,70
2GV8Kfc5gpD7mkrNPvZMTH2GcCRhScqskPgEvnmPkgn9,1,70
ByCvNHxPZ4NasmgrvKH735iCxXAvVQm8553cga4j9ngY,1,70
HDSRnMuUJtfYzzgxFbHAVcW73MmtPw17DZnDwAcPLxhv,1,70
9gtvxjZ4MAS791afFruGPxWtHc5W4nH4ax65NAwmQGxQ,1,70
Ab6NgqTkxxzXgryLPwC2pyX75KXU7Y7mvpZRWTjF1GEH,1,70
Ho7QKN5iAeQvwvuHZsVyexiTFoSZB9omPC5pfYPhtTt5,1,70
AsCUqfuThku4DvSuXfBqN1gtDgwkkdbGUTvvRzGNbTsN,1,70
2YWhwpPx24EFspMjEtvvBwNnG2EM5wfPD5WnNDQJiFmj,1,70
9pQbN2ijisBxBLfMsuP1VxxzqsjbZj3HpVva7Gf75pVa,1,70
G6EfuJU9Vc1qakNW6YxTLytPZ8Mw462b9iWdX9hY341U,1,70
3sXgLBwYazQhchfPFSUpC57BUNmtx69ceeSFXY23NiKc,1,70
G7uFAXPWFSVzjezACv6HqfnrPgBgwrbC5WxVfmzZHMix,1,70
8HALxGPWFNa7N3bYyt1hSKA7KaUBbhc5hmBYsQDMzt6J,1,70
6rH3c2DLQvd8CSNVF4geb6GLWYPBSeTqepALSfKbtry1,1,70
DsGJkPzFEQZuwy7JjZzPcJEyEfdC6StV7rarXG4ftRSA,1,70
9uNaxgSXzUAAuvccWxZ6kpNAWHN8SjGTmCunwriSdhE4,1,70
3RCpseaaeJmMdVQiMhMmhQjCn9D1qX1pE6VpGqzAysgD,1,70
CiFjh6jNUkTzJFbtFvUknXk5CLsQUVvmqXSVCa8S14QC,1,70
2sj5vzZYaNbqqTXsECW4qBC8qBn2BEeX6UqqLq2859sp,1,70
ETgQer9SjwwDFAq2dJE9HEkuu1eKYaxqCZUaPF1o6XRq,1,70
GtHehK9YqBiXhn335oovDDwYMxH7AJ4hkPC9LcsJHnUJ,1,70
Fn9uK783amSV9N3VaaR65CZa61dhUhWuTnggAvCS2jrb,1,70
BLQa6uCFxhLBdYCJWTM2VTRPkVkzrzGTMuVAQ6wK1323,1,70
9xR6bmFG3VAvvygdpDuQ8ttNoGXaaqZ4qoZ89zb5pbdk,1,70
8f55Ds9SGxG8fnaA5fpDRpxdPF5FNkwuX73j8PPAFzLN,1,70
99VMfEoFmaNYRQ616Ghk6CCrt17VgoMgrYAhXejX9Hyh,1,70
33gfSJ9qYoqZAUrMW53y9k7Y4bHbby5U2LtJXoAVLjob,1,70
4ZWzTn943LCjKAq3m86Jut4ZRxaGvVPWYBw7xYdKk4nF,1,70
2WJTQ6q91HBZLqHuVuRLgsiGQV8yCgVKtzaLX4HBfwMo,1,70
CeTA6vKQMTdCPUmM2dTAdzQmRDSzCRCyH78334CUs151,1,70
AB44Hf91c4cPuWxxXZqt2m9PbmASHxnhFAMF7U7scJBc,1,70
6J1T22cKBTw11McuSteoEMpFfMfmWgG9NzsKs11mQYGD,1,70
5XEj4qt6STm1dKvwTiqiuLRYJoMWUey4BqiwDPTuaUVG,1,70
3XAjxRy8Z2z6XTCgpJcmosDVmAw7H31KPyYcPjrhDA15,1,70
FXwF4aLiJBU8aE1MQmumaee6YctyhY3soVTrskE2ZvHG,1,70
AgNaa6DLja2Nc5KEu3oEJ9Aan7shFFDB96fg6N7unxWS,1,70
HV4ZT4QpEW54rywbnigQUadJ4aK1JgieQjXSZ6o7Jy1y,1,70
93mxcTuBPydKn44XKReEWeSyeKE667uNBTPCpiCSuQDL,1,70
41ECUqmyEURR8RbMB5MhBQE1DYjAhrRX8xTNfyrd2UMn,1,70
FjJiYpUcEYZ3XHWQD2Q9atydmuFhZRQwC3wZQxfRLgAf,1,70
FiFawHqxeTVBhv6YbqbLwDVuvokRpPUM1bNwAyxhGc6W,1,70
5SqMuy9erMkUr95FojW9R7iQdHNoKQCQEUjxnMwzprmA,1,70
7PBPFWHFHBYKQf6H5hFhhTkyu91S5HSWA7546iEU7qTN,1,70
3va8SiWC49oBoPuVagJ7GQGurv2VBxMArXppiuvr9nPD,1,70
3C469PoaWKgJy2h2XvogNhP1p4UhekAHNJMeHN5aZwuP,1,70
8nYXrF1AV72dQgf6WtUVQfvy4aYwm7qGUF77tiQQRkUx,1,70
Ev9Bjvwr3atNJPR4AqoN3GRGe6qbswNBmxqexPLBTWm5,1,70
BLgACvW54KjXY8PUUJoCCHVNbgKNMyZ3NoWR7x6iCieM,1,70
8DS2pqspcQkTBmnkSqbXHsUH3fvwwJfM1mG9brPpzMDD,1,70
Hv3fPDH9bd1VNK1BjRQyjCYUK9HrXwLGfJ37mEeUJdrJ,1,70
28sC8v2SLQVBQt2WeVaaoajuo9rMkK21GXgxJvEddpw7,1,70
5hB3NcDUbwx7q7timFZCCYBrvmi8Cj3oJNC4jU2p6WGB,1,70
9YkWzd2oR8LUBYC8WKFkDEABKEQLb86D77ut3qsrrirg,1,70
