mint,symbol,tx,slot,fee_payer,wallet,is_fee_payer,fee_lamports,sol_delta_lamports,token_delta
EijM3FJm9Ka6Cf6byQB1GdeJxhZqAayfzuV4Xp9Jpump,Restoration,5RpYYDtCJWvgQRG6S63san2GCNoEBzaKyCLrYyfXcyE8q76LxRu1X9jmPwVsaq5DeWhidkxmHrTqC1yGVXSfRCQA,435814280,2CHrnc2LyagAbMaMFgthiDWh7ZZ9zT9TF8WEJf7MNE71,Atgx1JXsp8pTQ9Qsi74wF5pLMVwHwyQc6jJCu84evN7c,0,915000,-3250000000,41826644.343107
EijM3FJm9Ka6Cf6byQB1GdeJxhZqAayfzuV4Xp9Jpump,Restoration,5RpYYDtCJWvgQRG6S63san2GCNoEBzaKyCLrYyfXcyE8q76LxRu1X9jmPwVsaq5DeWhidkxmHrTqC1yGVXSfRCQA,435814280,2CHrnc2LyagAbMaMFgthiDWh7ZZ9zT9TF8WEJf7MNE71,8kzFH4rgFzy4ccz97AhgqRT7Qbt7HnD5oJCDK1Sxdarb,0,915000,-3300000000,37437487.877292
EijM3FJm9Ka6Cf6byQB1GdeJxhZqAayfzuV4Xp9Jpump,Restoration,5RpYYDtCJWvgQRG6S63san2GCNoEBzaKyCLrYyfXcyE8q76LxRu1X9jmPwVsaq5DeWhidkxmHrTqC1yGVXSfRCQA,435814280,2CHrnc2LyagAbMaMFgthiDWh7ZZ9zT9TF8WEJf7MNE71,2CHrnc2LyagAbMaMFgthiDWh7ZZ9zT9TF8WEJf7MNE71,1,915000,-3360137240,49384689.738662
EijM3FJm9Ka6Cf6byQB1GdeJxhZqAayfzuV4Xp9Jpump,Restoration,4eckbfA628rhTwo9hZ1EhZAMUGRFWzFRZZRJHoApCDviTCmhGbLvdcXoGDwVjAXw3oKHz2HeTioK8VZQuFN6NeCd,435814280,GfJA84gwT9LpeyzeckeXkCsf8vdQuA64ZYQ91xoBawvt,GfJA84gwT9LpeyzeckeXkCsf8vdQuA64ZYQ91xoBawvt,1,915000,-3210137240,32267625.284724
EijM3FJm9Ka6Cf6byQB1GdeJxhZqAayfzuV4Xp9Jpump,Restoration,4eckbfA628rhTwo9hZ1EhZAMUGRFWzFRZZRJHoApCDviTCmhGbLvdcXoGDwVjAXw3oKHz2HeTioK8VZQuFN6NeCd,435814280,GfJA84gwT9LpeyzeckeXkCsf8vdQuA64ZYQ91xoBawvt,5P8A9bGUhroskpuA4hhRbybgt37TcTz7ft5zLAh8orpn,0,915000,-3350000000,30201357.210052
EijM3FJm9Ka6Cf6byQB1GdeJxhZqAayfzuV4Xp9Jpump,Restoration,4eckbfA628rhTwo9hZ1EhZAMUGRFWzFRZZRJHoApCDviTCmhGbLvdcXoGDwVjAXw3oKHz2HeTioK8VZQuFN6NeCd,435814280,GfJA84gwT9LpeyzeckeXkCsf8vdQuA64ZYQ91xoBawvt,43x1zWzjVWJbQErWM78m3Acx83FFuGSQEhmgyxUrPdQs,0,915000,-3550000000,28626518.595085
EijM3FJm9Ka6Cf6byQB1GdeJxhZqAayfzuV4Xp9Jpump,Restoration,2VYWrbNzWv8NUiUpqQhfnfTwjKzbT2dcHEn6sSQBEK4WUaDzikoaKxySoaLp3ztqYrpHweicHtE1Rjf7qzezvxK4,435814280,5brv79eFZ2rGprXNvqgVJBkBptkkw8GJX1XydJyZLyAr,5brv79eFZ2rGprXNvqgVJBkBptkkw8GJX1XydJyZLyAr,1,616005000,-5618044280,35420599.14952
EijM3FJm9Ka6Cf6byQB1GdeJxhZqAayfzuV4Xp9Jpump,Restoration,5ptwmzH336J4gCfqM5aYSWcmcLNAu2kYKHaXCLB3aNZHsz8kSzEqiNZKvUbYtA4xSonTfxfzEmrbsFthNkEoFDq,435814280,2CQgjcdNEo7WtbQLpJTAVcC3Ga61pNvRDTgP5grzctFG,2CQgjcdNEo7WtbQLpJTAVcC3Ga61pNvRDTgP5grzctFG,1,127505010,-4330762610,26082765.030058
EijM3FJm9Ka6Cf6byQB1GdeJxhZqAayfzuV4Xp9Jpump,Restoration,3ZRQQbukZo27594Kmbc7SdjDe7ZjjXCLt4xxBSRDCDgXfAmCrPc5pCL5tmZH6bwZE75UuvDcHXV1At1RpaTuiwkB,435814280,GDQeTnqkyeLyRSjWaeFY5HsxaWoQmmXFc1N6wyuuHiQD,GDQeTnqkyeLyRSjWaeFY5HsxaWoQmmXFc1N6wyuuHiQD,1,42205000,-3548162600,19592001.160292
EijM3FJm9Ka6Cf6byQB1GdeJxhZqAayfzuV4Xp9Jpump,Restoration,2if6WHxBVUUUfjMAC1bS6sKmYr7sUfX8rtZjkJyzMdRzrckMqFCKA7VEoBXNhzgzBThq6pwdyBUMPfd3RrWQ5jaz,435814280,5yZx1tJramkVgxh49u89PahACux6oWVfspVdBiYMJPMx,5yZx1tJramkVgxh49u89PahACux6oWVfspVdBiYMJPMx,1,1007120,-505168411,2656376.492443
EijM3FJm9Ka6Cf6byQB1GdeJxhZqAayfzuV4Xp9Jpump,Restoration,5uJGZs5RNUANHErYUvVLVxbAzAj5Yu6QxZGVTfaCtAyCgeWrbrfvanhsnMy24n4kh27xw1MggzLA4aBsugmHmYCC,435814280,HotwanNS4MKqzr82mNBthdosseVGSh7kJFHxVP6soVB,HotwanNS4MKqzr82mNBthdosseVGSh7kJFHxVP6soVB,1,2070500,-205644580,1053108.693861
EijM3FJm9Ka6Cf6byQB1GdeJxhZqAayfzuV4Xp9Jpump,Restoration,3Fkx6dHz3pdsbgYDVrCTwXmqSJy1xzX4pAfVraxNKRymAxE5pDkadeFpSYDSzp5xMtL4xnbCeFGbNVzpZRFMyxsq,435814280,2CQgjcdNEo7WtbQLpJTAVcC3Ga61pNvRDTgP5grzctFG,2CQgjcdNEo7WtbQLpJTAVcC3Ga61pNvRDTgP5grzctFG,1,485000,1888249928,-10433106.012
EijM3FJm9Ka6Cf6byQB1GdeJxhZqAayfzuV4Xp9Jpump,Restoration,2TWrfW823uWZvfcW5SpSyYAxTiTHZbfgRakVqFxrVpVuyrLKBewpF2jKf5RwpJpgrDfhLd7ugTKjagsPZMqTh1Ph,435814280,Anubis512ho5t7S6LNSwoxUWdeQmX2kf3RvZ8ApHHF5w,Anubis512ho5t7S6LNSwoxUWdeQmX2kf3RvZ8ApHHF5w,1,105000,-2242179080,12015413.472956
EijM3FJm9Ka6Cf6byQB1GdeJxhZqAayfzuV4Xp9Jpump,Restoration,57xVzDZniPUezehVC2sXqcSgSjvARn4z2XbxhNePQAgdKpSzcmHG2Hrr3HSCKpDno6vHmNFMABqVcps8a3BArwJZ,435814280,AfPWFykWPZZxU2CyF6BcPoY2v8VEkmYS7ZggvELK7Pv1,AfPWFykWPZZxU2CyF6BcPoY2v8VEkmYS7ZggvELK7Pv1,1,1305000,-1003344280,5146990.943131
EijM3FJm9Ka6Cf6byQB1GdeJxhZqAayfzuV4Xp9Jpump,Restoration,45X2iRqrSeqSyrXd9htiYd2qSQEYRR4EHUEwVY5RqaWKso2DAAoqHWeVH1s8PTVg6qKmtZ9vkBCHKeJ1Ngc2WGYq,435814280,BLAMEEhCJyRuChcs6p6ckex6MKUNmLLmtfC6vteCddEg,BLAMEEhCJyRuChcs6p6ckex6MKUNmLLmtfC6vteCddEg,1,5000,-598656902,3026949.285134
EijM3FJm9Ka6Cf6byQB1GdeJxhZqAayfzuV4Xp9Jpump,Restoration,3ZUxXL76muQHhPrsYQVkT2RUuKCC4UfoPqXYymUiEkhHmJ99ifCwff9YxLrtu5aoeYhKffnn8apkPB9JDbhzWppk,435814282,5yZx1tJramkVgxh49u89PahACux6oWVfspVdBiYMJPMx,5yZx1tJramkVgxh49u89PahACux6oWVfspVdBiYMJPMx,1,107031,517739962,-2656376.492443
EijM3FJm9Ka6Cf6byQB1GdeJxhZqAayfzuV4Xp9Jpump,Restoration,4CZsS77Qr2T91uUar7jq346hp3YyeBYYW2eZrZ2bgCADWy7GSsjUEmNsL1GwCg3iTHVvqqVT3W3MocxFxaQoQNx7,435814283,5brv79eFZ2rGprXNvqgVJBkBptkkw8GJX1XydJyZLyAr,5brv79eFZ2rGprXNvqgVJBkBptkkw8GJX1XydJyZLyAr,1,365000,1347278171,-7084119.829904
EijM3FJm9Ka6Cf6byQB1GdeJxhZqAayfzuV4Xp9Jpump,Restoration,5ufssXEsUMwzHWsDcVgG8phpFRDEdwrJxrVp3mVWUi5Fj4wcWDzS85HWx16sDGmhu1CSWnFAXvzZ5bncttYUgryJ,435814283,GDQeTnqkyeLyRSjWaeFY5HsxaWoQmmXFc1N6wyuuHiQD,GDQeTnqkyeLyRSjWaeFY5HsxaWoQmmXFc1N6wyuuHiQD,1,15000,4175125309,-19592001.160292
EijM3FJm9Ka6Cf6byQB1GdeJxhZqAayfzuV4Xp9Jpump,Restoration,35vwGEfQBzXXNdd4GjxvBj1ZZuBibTBViBkRtWReTw9Ah5uV2MRCJx5ayx6nHL4m7S7Z7QShj5xZR3dZmNMQAyME,435814285,BLAMEEhCJyRuChcs6p6ckex6MKUNmLLmtfC6vteCddEg,BLAMEEhCJyRuChcs6p6ckex6MKUNmLLmtfC6vteCddEg,1,5000,752781653,-3026949.285134
EijM3FJm9Ka6Cf6byQB1GdeJxhZqAayfzuV4Xp9Jpump,Restoration,5BxgGDZPi2fMUWaRgGs3cZZFi5gYyn53TnFEpK3yAeHHtzVEBmw5PzZ2B2bzFKTbme6B5KtZ8dzsY2Mmzqenitqg,435814285,Anubis512ho5t7S6LNSwoxUWdeQmX2kf3RvZ8ApHHF5w,Anubis512ho5t7S6LNSwoxUWdeQmX2kf3RvZ8ApHHF5w,1,105000,2865814534,-12015413.472956
EijM3FJm9Ka6Cf6byQB1GdeJxhZqAayfzuV4Xp9Jpump,Restoration,4ypBhV6khfwKSgeU9udp7vKCZCzs9a8K8AsQ7AB6fkLDRpSa2j2jeNF9hGQx7KrypAaw8t6prGCeWe7dZooHs6ZA,435814286,AfPWFykWPZZxU2CyF6BcPoY2v8VEkmYS7ZggvELK7Pv1,AfPWFykWPZZxU2CyF6BcPoY2v8VEkmYS7ZggvELK7Pv1,1,105000,1245347356,-5146990.943131
EijM3FJm9Ka6Cf6byQB1GdeJxhZqAayfzuV4Xp9Jpump,Restoration,5UHqUiyecQtWq563P7vWapKkDwL9Jir2YBEguvipbogafM2WfmfLm79yyjXvQJcLA3AKs6v49ZZij8FTypVQL1Ze,435814287,5brv79eFZ2rGprXNvqgVJBkBptkkw8GJX1XydJyZLyAr,5brv79eFZ2rGprXNvqgVJBkBptkkw8GJX1XydJyZLyAr,1,365000,948588671,-4250471.897942
EijM3FJm9Ka6Cf6byQB1GdeJxhZqAayfzuV4Xp9Jpump,Restoration,34BwtzD2qyq83CAq8zScDoaxcAFPuXCKoHM7TL7DHLYk9hVeHZo1AvVGEvyQgmgWRdbURq4Jx95brVyanvvXUQkL,435814291,5brv79eFZ2rGprXNvqgVJBkBptkkw8GJX1XydJyZLyAr,5brv79eFZ2rGprXNvqgVJBkBptkkw8GJX1XydJyZLyAr,1,365000,1158141789,-6021501.855418
EijM3FJm9Ka6Cf6byQB1GdeJxhZqAayfzuV4Xp9Jpump,Restoration,dvtAkgt2MqozvAxNLFwwTQZMBMSSd5NLp1uxmK2K9LA6KMeUCeAn9Sqd7wDjo53FuNLeWPxfNzcqvyhCxA66oaU,435814293,2CQgjcdNEo7WtbQLpJTAVcC3Ga61pNvRDTgP5grzctFG,2CQgjcdNEo7WtbQLpJTAVcC3Ga61pNvRDTgP5grzctFG,1,5000,1207881714,-7824829.509
EijM3FJm9Ka6Cf6byQB1GdeJxhZqAayfzuV4Xp9Jpump,Restoration,29S1wcMm51w7FBpoNf1R4KwwhyTBHJ1KL5i5ZkpxE7yjRVHJxgRuG9XLyuRd2pbULSVwPLyVSLWPh7pgwz4JdzAc,435814293,5brv79eFZ2rGprXNvqgVJBkBptkkw8GJX1XydJyZLyAr,5brv79eFZ2rGprXNvqgVJBkBptkkw8GJX1XydJyZLyAr,1,365000,884370931,-6322576.948189
EijM3FJm9Ka6Cf6byQB1GdeJxhZqAayfzuV4Xp9Jpump,Restoration,4ewjRKVTYXcXy7qiTUzHtdKMiQThJFzkfkNynJnJkKfP7aL3hn9MhSAzkJddQeyBZmrSEsazzQgh24CAnFu6pTnC,435814296,5brv79eFZ2rGprXNvqgVJBkBptkkw8GJX1XydJyZLyAr,5brv79eFZ2rGprXNvqgVJBkBptkkw8GJX1XydJyZLyAr,1,365000,1610103813,-11741928.618067
EijM3FJm9Ka6Cf6byQB1GdeJxhZqAayfzuV4Xp9Jpump,Restoration,5uP1gPmMn6YfxVp8tjR6SnVqrpZTBwRE6di5JbCWLNJ5oywH78wGvJ5jFC1gRn3GaAQBtVGCAGAMDgKteZxTtsj3,435814296,AfPWFykWPZZxU2CyF6BcPoY2v8VEkmYS7ZggvELK7Pv1,AfPWFykWPZZxU2CyF6BcPoY2v8VEkmYS7ZggvELK7Pv1,1,205000,-502244280,3523914.684784
EijM3FJm9Ka6Cf6byQB1GdeJxhZqAayfzuV4Xp9Jpump,Restoration,65k18YvkgAGBt9gcguHYtsQKf5sfGwswa98z1LfjD9cwfsX3UNfKJFStPCuNpue29kUwbvuRqJggnUfcBFmwepw3,435814298,2CQgjcdNEo7WtbQLpJTAVcC3Ga61pNvRDTgP5grzctFG,2CQgjcdNEo7WtbQLpJTAVcC3Ga61pNvRDTgP5grzctFG,1,5000,949268998,-7824829.509058
EijM3FJm9Ka6Cf6byQB1GdeJxhZqAayfzuV4Xp9Jpump,Restoration,2JZUMKDDWF5Tk94mYjEYm3KBKhQcmLg8VeMhurrpsXAWpVD3c8dnGNaRSx6Q3yzCuLssWjK9cXjhvqZ6WmXPKipj,435814299,AfPWFykWPZZxU2CyF6BcPoY2v8VEkmYS7ZggvELK7Pv1,AfPWFykWPZZxU2CyF6BcPoY2v8VEkmYS7ZggvELK7Pv1,1,25000,462004617,-3523914.684784
EijM3FJm9Ka6Cf6byQB1GdeJxhZqAayfzuV4Xp9Jpump,Restoration,4yB5DH1UJPXNxAp8rEHBFLfphjZbzCD2RngC1twTLcoAroz1tfjK7c9zFG3KD921uAWUAsBvMujXQLFtLg1vzagR,435814324,2CHrnc2LyagAbMaMFgthiDWh7ZZ9zT9TF8WEJf7MNE71,2CHrnc2LyagAbMaMFgthiDWh7ZZ9zT9TF8WEJf7MNE71,1,1005000,679999965,-4938468.973866
EijM3FJm9Ka6Cf6byQB1GdeJxhZqAayfzuV4Xp9Jpump,Restoration,4qNu2M6DRPWuGALq3nrGt4tKGHswmnF3fbQJTWmLM2FHmoPPgNCKvzezJ285GsbAZjMUT8FVqn7GyNodCYoT8gfz,435814324,2CHrnc2LyagAbMaMFgthiDWh7ZZ9zT9TF8WEJf7MNE71,2CHrnc2LyagAbMaMFgthiDWh7ZZ9zT9TF8WEJf7MNE71,1,1005000,676660971,-4938468.973866
EijM3FJm9Ka6Cf6byQB1GdeJxhZqAayfzuV4Xp9Jpump,Restoration,4bqcnvc1Njaic1YWiHaYeppnLxssp24j6rtBrj3sCs1csDhyMBB3nRF72nkmcfm21ZohKhVuCxDfcppBLPgw1Hqd,435814325,2CHrnc2LyagAbMaMFgthiDWh7ZZ9zT9TF8WEJf7MNE71,2CHrnc2LyagAbMaMFgthiDWh7ZZ9zT9TF8WEJf7MNE71,1,1005000,539564631,-3950775.179093
EijM3FJm9Ka6Cf6byQB1GdeJxhZqAayfzuV4Xp9Jpump,Restoration,4eUxfcswKgqn9svevePYbbR3c1HSNrkdUP6bvL9FvhNMKdBSscvLwbbn87hUc7oeCGvK54mpznCoT6ioEQnYiJuc,435814328,2CHrnc2LyagAbMaMFgthiDWh7ZZ9zT9TF8WEJf7MNE71,2CHrnc2LyagAbMaMFgthiDWh7ZZ9zT9TF8WEJf7MNE71,1,978827,528004563,-3555697.661183
EijM3FJm9Ka6Cf6byQB1GdeJxhZqAayfzuV4Xp9Jpump,Restoration,4i4qMoFS4AQHxBXp3wBe8rXUrELVXQvq3ZSxZsGf7QVLM6Z8VwbPBeMdZbeF2XKYaBqL7f4YMZ1KjaZCJjmehftG,435814328,2CHrnc2LyagAbMaMFgthiDWh7ZZ9zT9TF8WEJf7MNE71,2CHrnc2LyagAbMaMFgthiDWh7ZZ9zT9TF8WEJf7MNE71,1,923710,519895775,-3555697.661183
EijM3FJm9Ka6Cf6byQB1GdeJxhZqAayfzuV4Xp9Jpump,Restoration,2adXtmumccz9k8522nGaiVFUpaxNFtQdDGuFy6xxPN6xDKJ431iX4at2FZh7o2n8ofE7UHB4shHaMNr2FEM4wB25,435814329,2CHrnc2LyagAbMaMFgthiDWh7ZZ9zT9TF8WEJf7MNE71,2CHrnc2LyagAbMaMFgthiDWh7ZZ9zT9TF8WEJf7MNE71,1,920761,491733056,-3555697.661183
EijM3FJm9Ka6Cf6byQB1GdeJxhZqAayfzuV4Xp9Jpump,Restoration,2BEi9TspMk7K2S9WAspmTPcr3txrYL9GKYznH1N2nKPU46rDR1Ede6ejXGm7PuGTTjV5EtSN7bdjihMdmjEFcD77,435814330,2CHrnc2LyagAbMaMFgthiDWh7ZZ9zT9TF8WEJf7MNE71,2CHrnc2LyagAbMaMFgthiDWh7ZZ9zT9TF8WEJf7MNE71,1,901882,369140109,-2844558.128947
EijM3FJm9Ka6Cf6byQB1GdeJxhZqAayfzuV4Xp9Jpump,Restoration,5bsTNd3PFZmQbWzVKm5uEGsCWffGrnxnHEcVqDcPHHP5xAKCys5yTn6tMHYcpg1LSySFY7KXcHTKH6acJcjwPWfG,435814331,2CHrnc2LyagAbMaMFgthiDWh7ZZ9zT9TF8WEJf7MNE71,2CHrnc2LyagAbMaMFgthiDWh7ZZ9zT9TF8WEJf7MNE71,1,904526,321414865,-2488988.362828
EijM3FJm9Ka6Cf6byQB1GdeJxhZqAayfzuV4Xp9Jpump,Restoration,5YQPoQW1j7zs4bc5mjLQv7peHKpYwhFds8HXfeZjiY4mn5F2zJ7CtpKcP8VA14owhgqmbUEpaXNkBq4xSSKSLv5f,435814332,2CHrnc2LyagAbMaMFgthiDWh7ZZ9zT9TF8WEJf7MNE71,2CHrnc2LyagAbMaMFgthiDWh7ZZ9zT9TF8WEJf7MNE71,1,920761,281739594,-2204532.549934
EijM3FJm9Ka6Cf6byQB1GdeJxhZqAayfzuV4Xp9Jpump,Restoration,4w8UMjyaLCASiu8pHwdcESmmnZH39u9Q8RXHUgmHH15TPWbWwZUxK8uXDCxQTPWQbzeXRF21HLJUWZSsXHxuPYaT,435814333,2CHrnc2LyagAbMaMFgthiDWh7ZZ9zT9TF8WEJf7MNE71,2CHrnc2LyagAbMaMFgthiDWh7ZZ9zT9TF8WEJf7MNE71,1,915448,2158923153,-17351804.586579
EijM3FJm9Ka6Cf6byQB1GdeJxhZqAayfzuV4Xp9Jpump,Restoration,2pRm8ypmyEDRXcGnS8J5J2wbqfbZEnweyASPFGNhGhwHPL8XtrLRuXDJTrM31HXaDVe8A1f3bmRhQQEH2gCJZTYf,435814344,Atgx1JXsp8pTQ9Qsi74wF5pLMVwHwyQc6jJCu84evN7c,Atgx1JXsp8pTQ9Qsi74wF5pLMVwHwyQc6jJCu84evN7c,1,973993,513326045,-4182664.43431
EijM3FJm9Ka6Cf6byQB1GdeJxhZqAayfzuV4Xp9Jpump,Restoration,3Mp7darAgnGsMbBRkAtUGQ5T6pU97fuoGrhn7WSH5yzY9Hj5czVeT8SqdzjP4nuJVyhd4TGvw5DH46swKE2fvtdm,435814345,Atgx1JXsp8pTQ9Qsi74wF5pLMVwHwyQc6jJCu84evN7c,Atgx1JXsp8pTQ9Qsi74wF5pLMVwHwyQc6jJCu84evN7c,1,913092,477286061,-4182664.43431
EijM3FJm9Ka6Cf6byQB1GdeJxhZqAayfzuV4Xp9Jpump,Restoration,4dU99ZPLKz7qfNGQ7QDhNZ3MwAfLUzpKx8CqXBcs8P5yATwzzozTuU3iLPVYXckzSzBvmwor6Tz3oZBebiYDCwBF,435814346,Atgx1JXsp8pTQ9Qsi74wF5pLMVwHwyQc6jJCu84evN7c,Atgx1JXsp8pTQ9Qsi74wF5pLMVwHwyQc6jJCu84evN7c,1,915448,422887827,-3764397.990879
EijM3FJm9Ka6Cf6byQB1GdeJxhZqAayfzuV4Xp9Jpump,Restoration,5ket4fLYx7sh3TBR9jPST5tgwHGSzoe1hbq4r6fD6K32ksYN5E24LemxUp7Ly3qCGfTdoFPtA7dsMndbgNZRj2Jw,435814347,Atgx1JXsp8pTQ9Qsi74wF5pLMVwHwyQc6jJCu84evN7c,Atgx1JXsp8pTQ9Qsi74wF5pLMVwHwyQc6jJCu84evN7c,1,928668,390046340,-3346131.547448
EijM3FJm9Ka6Cf6byQB1GdeJxhZqAayfzuV4Xp9Jpump,Restoration,iYifKj1pyDMo3uEvN5noGAj6hvAkPtfZyhnvjocsU3TrrBxhdt4gctQNd4qHGBieZyFjJECoFbmV8DanzM8ASiT,435814348,Atgx1JXsp8pTQ9Qsi74wF5pLMVwHwyQc6jJCu84evN7c,Atgx1JXsp8pTQ9Qsi74wF5pLMVwHwyQc6jJCu84evN7c,1,936785,341737953,-2969691.74836
EijM3FJm9Ka6Cf6byQB1GdeJxhZqAayfzuV4Xp9Jpump,Restoration,4txFBGW9YvTKtKr6f3ngMUexdVojQesuEfwBZ8hpk8JqjNDxAWvWMLVwpydwbR5fRrRPCCeqQAXaELhTWsuGhk6n,435814349,Atgx1JXsp8pTQ9Qsi74wF5pLMVwHwyQc6jJCu84evN7c,Atgx1JXsp8pTQ9Qsi74wF5pLMVwHwyQc6jJCu84evN7c,1,920761,299753468,-2635078.593616
EijM3FJm9Ka6Cf6byQB1GdeJxhZqAayfzuV4Xp9Jpump,Restoration,3HsvHGk2xcSnWbaazN7A1FAkd3k6Qqfjq8PB5EMXAN1KR7uU93NmAdnKpqzvfE8zVTNL1EjzK8AwxVUHxVNBRVmX,435814351,Atgx1JXsp8pTQ9Qsi74wF5pLMVwHwyQc6jJCu84evN7c,Atgx1JXsp8pTQ9Qsi74wF5pLMVwHwyQc6jJCu84evN7c,1,926428,2272647545,-20746015.594184
EijM3FJm9Ka6Cf6byQB1GdeJxhZqAayfzuV4Xp9Jpump,Restoration,ZNF63XxdEK1V6zFRE8dnGwhnm6sQLMymjeLbGGHs1ddVg7yRtkfYrnKKTA3oo6c3ZE8zscNxAQGcdd2U9nDDjbh,435814355,8kzFH4rgFzy4ccz97AhgqRT7Qbt7HnD5oJCDK1Sxdarb,8kzFH4rgFzy4ccz97AhgqRT7Qbt7HnD5oJCDK1Sxdarb,1,895519,411936886,-3743748.787729
EijM3FJm9Ka6Cf6byQB1GdeJxhZqAayfzuV4Xp9Jpump,Restoration,5ZSAdoSxAR8rR4Ew1FoqB9E6aferNyUTGeU5cy3fXqxBAWQawiUh5sdUG8MoYA9jWPbHL94GBFhC2Dm4fkz1K19C,435814356,8kzFH4rgFzy4ccz97AhgqRT7Qbt7HnD5oJCDK1Sxdarb,8kzFH4rgFzy4ccz97AhgqRT7Qbt7HnD5oJCDK1Sxdarb,1,892638,406189827,-3743748.787729
EijM3FJm9Ka6Cf6byQB1GdeJxhZqAayfzuV4Xp9Jpump,Restoration,5tkp5CZKmtvFvJhJnF2aKBXAD4WYdUk5nGfy4E777BmEGDq1aURQjd3prnpn49y9mVg4mhRsqjoMocYaTMQaMTkK,435814357,8kzFH4rgFzy4ccz97AhgqRT7Qbt7HnD5oJCDK1Sxdarb,8kzFH4rgFzy4ccz97AhgqRT7Qbt7HnD5oJCDK1Sxdarb,1,922921,374439311,-3369373.908956
EijM3FJm9Ka6Cf6byQB1GdeJxhZqAayfzuV4Xp9Jpump,Restoration,hm3YYZ44yKoVDBw5BeGX5cmUtQYkNaLGCq6ksihTkeKW2fHNrp94amGHN7NsDfzG2MLrdkZEH3L5DBoZrgGQvVD,435814358,8kzFH4rgFzy4ccz97AhgqRT7Qbt7HnD5oJCDK1Sxdarb,8kzFH4rgFzy4ccz97AhgqRT7Qbt7HnD5oJCDK1Sxdarb,1,937995,328636192,-2994999.030183
EijM3FJm9Ka6Cf6byQB1GdeJxhZqAayfzuV4Xp9Jpump,Restoration,2QK7kR2ejAw5jFCbYqWtoiLw5hnM1R4UFyDNLzYVS3eHrs5x7iZjrn7BJ7HWYbbYWtjppDgcp5Cm3DsciEHeHoqb,435814359,8kzFH4rgFzy4ccz97AhgqRT7Qbt7HnD5oJCDK1Sxdarb,8kzFH4rgFzy4ccz97AhgqRT7Qbt7HnD5oJCDK1Sxdarb,1,960951,262696318,-2658061.639287
EijM3FJm9Ka6Cf6byQB1GdeJxhZqAayfzuV4Xp9Jpump,Restoration,4FCNaCF8oxWXHNhsePe3zJU81ehLStqS2sqvDwKPCs6hzS3Qh9NfsFdCiTD6ybnWCRHAwgAyczWUkREztnGQ5xvN,435814360,8kzFH4rgFzy4ccz97AhgqRT7Qbt7HnD5oJCDK1Sxdarb,8kzFH4rgFzy4ccz97AhgqRT7Qbt7HnD5oJCDK1Sxdarb,1,942723,2331734679,-20927555.723408
EijM3FJm9Ka6Cf6byQB1GdeJxhZqAayfzuV4Xp9Jpump,Restoration,5zCGF6NLTnyWXDiHnaGm868cpdHzcEPb9m7EfUHoTBaehLTNMokkW5ffwZyUxUZUbuouvtwUUTs35qSoi3b9vJtJ,435814367,5P8A9bGUhroskpuA4hhRbybgt37TcTz7ft5zLAh8orpn,5P8A9bGUhroskpuA4hhRbybgt37TcTz7ft5zLAh8orpn,1,959618,3133597298,-30201357.210052
EijM3FJm9Ka6Cf6byQB1GdeJxhZqAayfzuV4Xp9Jpump,Restoration,4BZfdd1CvujY8sg4ieiqmA8AYwuHdGPDyY9seaNJ59r1n8oJQpvtSS1AZaUZsEdnDPj3Lgp4xG788HfkTCXH1QFg,435814372,GfJA84gwT9LpeyzeckeXkCsf8vdQuA64ZYQ91xoBawvt,GfJA84gwT9LpeyzeckeXkCsf8vdQuA64ZYQ91xoBawvt,1,896277,3188561413,-32267625.284724
EijM3FJm9Ka6Cf6byQB1GdeJxhZqAayfzuV4Xp9Jpump,Restoration,48QRAaAGHxSScQneHGNKP3tyTPpp53cinaZWPRrihdFn5dGDwjjUpeMw7muVmeQkHknrAkCC68Jj9h4pJvJdYQFb,435814378,43x1zWzjVWJbQErWM78m3Acx83FFuGSQEhmgyxUrPdQs,43x1zWzjVWJbQErWM78m3Acx83FFuGSQEhmgyxUrPdQs,1,936678,2743518515,-28626518.595085
EijM3FJm9Ka6Cf6byQB1GdeJxhZqAayfzuV4Xp9Jpump,Restoration,DmJs9CsEWZH5PYVVpTe6xvxeKYFPF4Jz4y4DELiL5JE9QJDR4dfG1LqofN4TQ6XjMVyx26wx68d5PJRNM1xTa2p,435814383,HotwanNS4MKqzr82mNBthdosseVGSh7kJFHxVP6soVB,HotwanNS4MKqzr82mNBthdosseVGSh7kJFHxVP6soVB,1,2070500,98625685,-1053108.693861
EiAsJvYospNxVPtUoGbjUreXNbWcxdpKaiqeJNk6pump,shrek,2wmtepo8fTRS5oCP8X24YPy9iverAwxsdWgAiCM6mZB9pfNuGfYvPfrtKjhZMyqKbadKqX8t7xEouhiaoxtL4752,435795679,2CHrnc2LyagAbMaMFgthiDWh7ZZ9zT9TF8WEJf7MNE71,Atgx1JXsp8pTQ9Qsi74wF5pLMVwHwyQc6jJCu84evN7c,0,915000,-3250000000,41826644.343107
EiAsJvYospNxVPtUoGbjUreXNbWcxdpKaiqeJNk6pump,shrek,2wmtepo8fTRS5oCP8X24YPy9iverAwxsdWgAiCM6mZB9pfNuGfYvPfrtKjhZMyqKbadKqX8t7xEouhiaoxtL4752,435795679,2CHrnc2LyagAbMaMFgthiDWh7ZZ9zT9TF8WEJf7MNE71,8kzFH4rgFzy4ccz97AhgqRT7Qbt7HnD5oJCDK1Sxdarb,0,915000,-3300000000,37437487.877292
EiAsJvYospNxVPtUoGbjUreXNbWcxdpKaiqeJNk6pump,shrek,2wmtepo8fTRS5oCP8X24YPy9iverAwxsdWgAiCM6mZB9pfNuGfYvPfrtKjhZMyqKbadKqX8t7xEouhiaoxtL4752,435795679,2CHrnc2LyagAbMaMFgthiDWh7ZZ9zT9TF8WEJf7MNE71,2CHrnc2LyagAbMaMFgthiDWh7ZZ9zT9TF8WEJf7MNE71,1,915000,-3360137240,49384689.738662
EiAsJvYospNxVPtUoGbjUreXNbWcxdpKaiqeJNk6pump,shrek,5vCpNZURtBNFYkSWPVp3ywj1Hzj5UoPeGQDToErUU419PAgxGmwpLQscfKiFDCFUi8Gpa2eacnnU8rq3u7GRxSM2,435795679,GfJA84gwT9LpeyzeckeXkCsf8vdQuA64ZYQ91xoBawvt,GfJA84gwT9LpeyzeckeXkCsf8vdQuA64ZYQ91xoBawvt,1,915000,-3210137240,32267625.284724
EiAsJvYospNxVPtUoGbjUreXNbWcxdpKaiqeJNk6pump,shrek,5vCpNZURtBNFYkSWPVp3ywj1Hzj5UoPeGQDToErUU419PAgxGmwpLQscfKiFDCFUi8Gpa2eacnnU8rq3u7GRxSM2,435795679,GfJA84gwT9LpeyzeckeXkCsf8vdQuA64ZYQ91xoBawvt,5P8A9bGUhroskpuA4hhRbybgt37TcTz7ft5zLAh8orpn,0,915000,-3350000000,30201357.210052
EiAsJvYospNxVPtUoGbjUreXNbWcxdpKaiqeJNk6pump,shrek,5vCpNZURtBNFYkSWPVp3ywj1Hzj5UoPeGQDToErUU419PAgxGmwpLQscfKiFDCFUi8Gpa2eacnnU8rq3u7GRxSM2,435795679,GfJA84gwT9LpeyzeckeXkCsf8vdQuA64ZYQ91xoBawvt,43x1zWzjVWJbQErWM78m3Acx83FFuGSQEhmgyxUrPdQs,0,915000,-3550000000,28626518.595085
EiAsJvYospNxVPtUoGbjUreXNbWcxdpKaiqeJNk6pump,shrek,63GRzhXXVEaKKThTXjQBZpyNTqNH8uRsVSsaY5FAquKDenDvf8wWrRRBAVBaENeohiJTBcuyHm2eC8YKTPzoDKRj,435795679,GDQeTnqkyeLyRSjWaeFY5HsxaWoQmmXFc1N6wyuuHiQD,GDQeTnqkyeLyRSjWaeFY5HsxaWoQmmXFc1N6wyuuHiQD,1,42205000,-3548162600,25334406.752302
EiAsJvYospNxVPtUoGbjUreXNbWcxdpKaiqeJNk6pump,shrek,3CmgW2gYDB15614mydaWxgUZVTd3pt2TstAkCcYyeEfHosnRiQWW7E8D1YP4XeXnwc7qspR4hTk4cyGbehkLz6J9,435795679,GTak962xhuv3JHVj74pwJW3inWBmNyXDUJSXtaGsVcQo,GTak962xhuv3JHVj74pwJW3inWBmNyXDUJSXtaGsVcQo,1,30005000,-3539162600,22884101.437114
EiAsJvYospNxVPtUoGbjUreXNbWcxdpKaiqeJNk6pump,shrek,4ZAXFUC24mkYxq4dKNu1btZTtSPvscgJQ8HaqJ3n4NNypx7DiUQyqWy8VddvwvYGH4HQeqR6woEoQYg8L478W6QZ,435795679,4Bf9D68XCsqVUQf7akzfEFJSYbpRBrSnwV8Qr8DkCXzn,4Bf9D68XCsqVUQf7akzfEFJSYbpRBrSnwV8Qr8DkCXzn,1,30005000,-3539165363,20772882.854045
EiAsJvYospNxVPtUoGbjUreXNbWcxdpKaiqeJNk6pump,shrek,dKUbN8V19X5Nktkvzf4fAN8NfrB4NXaHi6hrxdTewMSwfRQs9eGeBRzsPEoJfaMWxD7NRxkyxRi3niLgo7xfgVG,435795679,9CGPQ35yojUP4oP2tv5suWtUdhevp68BmUGoykgZX2Yv,9CGPQ35yojUP4oP2tv5suWtUdhevp68BmUGoykgZX2Yv,1,4005000,-507165363,2812134.468287
EiAsJvYospNxVPtUoGbjUreXNbWcxdpKaiqeJNk6pump,shrek,4aANcH3gsRnNSqvZ476DeuERou2sb5A5GmM7paS9GnKweoe5ZcEYEn6jMaM8zyaypqgvSbEa7GVCkuJp2jHaGeBn,435795679,5yZx1tJramkVgxh49u89PahACux6oWVfspVdBiYMJPMx,5yZx1tJramkVgxh49u89PahACux6oWVfspVdBiYMJPMx,1,1007113,-505168424,2775553.857459
EiAsJvYospNxVPtUoGbjUreXNbWcxdpKaiqeJNk6pump,shrek,49w4bSz9EGzQxouHGtSj4jiBf7cbpPjPyAPEbb5ZynJh4WDXLdW59jEHz1AS1kUdxuu2B6KW7Wo3Bj94SdfTPpAL,435795680,GTak962xhuv3JHVj74pwJW3inWBmNyXDUJSXtaGsVcQo,GTak962xhuv3JHVj74pwJW3inWBmNyXDUJSXtaGsVcQo,1,2005000,1368105763,-7551753.474247
EiAsJvYospNxVPtUoGbjUreXNbWcxdpKaiqeJNk6pump,shrek,3fCuBe75fAeMFQwEzx5fGKKB9kP36R3UvKrgPRZ3aeoeUcjuB5saNzLYLiHVmp37qajHpHF9iAQNchHad4cYodF9,435795680,GDQeTnqkyeLyRSjWaeFY5HsxaWoQmmXFc1N6wyuuHiQD,GDQeTnqkyeLyRSjWaeFY5HsxaWoQmmXFc1N6wyuuHiQD,1,15000,1333643238,-7600322.02569
EiAsJvYospNxVPtUoGbjUreXNbWcxdpKaiqeJNk6pump,shrek,4v6r7TaTiGz9ZMZeqQeDiKJeZ6nPckaDZM8Wk1Jfy342BeMGzw46T9QtoZtEg24R2syLSXCJrJHAbDuPVAsCWhpH,435795680,4Bf9D68XCsqVUQf7akzfEFJSYbpRBrSnwV8Qr8DkCXzn,4Bf9D68XCsqVUQf7akzfEFJSYbpRBrSnwV8Qr8DkCXzn,1,13000,1172814304,-6855051.341834
EiAsJvYospNxVPtUoGbjUreXNbWcxdpKaiqeJNk6pump,shrek,2PsXizX2dJos9yuh8UWSBwvkM2CaPNbhJjDmXcz3D7HNJzuUyHxjqQGjN3iVPMRLe3i6u3noj1XEiNHW2My3S92Z,435795682,GTak962xhuv3JHVj74pwJW3inWBmNyXDUJSXtaGsVcQo,GTak962xhuv3JHVj74pwJW3inWBmNyXDUJSXtaGsVcQo,1,5000,1175872920,-5366321.787003
EiAsJvYospNxVPtUoGbjUreXNbWcxdpKaiqeJNk6pump,shrek,5ZsMbAPZnNbhQhAEVf5o7DFa1SJB1ZSnFJL1MuwiLiUyf48JkzWzKqTz9yT4Mambi5ofQjugf16aBVQJ8pfX69UT,435795682,5yZx1tJramkVgxh49u89PahACux6oWVfspVdBiYMJPMx,5yZx1tJramkVgxh49u89PahACux6oWVfspVdBiYMJPMx,1,107007,603637404,-2775553.857459
EiAsJvYospNxVPtUoGbjUreXNbWcxdpKaiqeJNk6pump,shrek,4Qrspa1fhtraHPoktsZCjXTUQeVxjfkaw3mWTr1LcEmcoY29rgBB7ogKidTwTdmtse3kLmz2xYjtXpycHsn72bTn,435795682,GDQeTnqkyeLyRSjWaeFY5HsxaWoQmmXFc1N6wyuuHiQD,GDQeTnqkyeLyRSjWaeFY5HsxaWoQmmXFc1N6wyuuHiQD,1,5000,3625398220,-17734084.726612
EiAsJvYospNxVPtUoGbjUreXNbWcxdpKaiqeJNk6pump,shrek,5WRRwj3EcV2FoA5RemUhGg3zGxNhAvcC9o4vVkYweGnnibv6rb5pBZDrzrPZ6NzXjL47C3Zsek3HoW7zuyhL43AH,435795682,4Bf9D68XCsqVUQf7akzfEFJSYbpRBrSnwV8Qr8DkCXzn,4Bf9D68XCsqVUQf7akzfEFJSYbpRBrSnwV8Qr8DkCXzn,1,105000,1554633131,-6958915.756105
EiAsJvYospNxVPtUoGbjUreXNbWcxdpKaiqeJNk6pump,shrek,3WeCMb5E8W9w5KR3m5sem3N5B9aFGpPaHvFBkLWnByx1ZTLkxCieCDNEfDx65hcJrqCJ9J6GsFQmWhYvwf3CWKeY,435795682,9CGPQ35yojUP4oP2tv5suWtUdhevp68BmUGoykgZX2Yv,9CGPQ35yojUP4oP2tv5suWtUdhevp68BmUGoykgZX2Yv,1,55000,614234332,-2812134.468287
EiAsJvYospNxVPtUoGbjUreXNbWcxdpKaiqeJNk6pump,shrek,5oWZbgk9tC92Jh91NF9FYNvLT3LcKGnRs3yM1d69gecxgxz8nLLPqVTTyiG1Pr1p9FiVCFUh4xgccQCDxDxQdSeu,435795682,GTak962xhuv3JHVj74pwJW3inWBmNyXDUJSXtaGsVcQo,GTak962xhuv3JHVj74pwJW3inWBmNyXDUJSXtaGsVcQo,1,5000,847574771,-3986410.470345
EiAsJvYospNxVPtUoGbjUreXNbWcxdpKaiqeJNk6pump,shrek,oExmFmxSwns7FRaUoyyRVUDS7wmLqDYr6LGTFhbxd74uLZKFopSwHNxbzUVfzfMdC1BiHDG4mbXBf3caAMchtmx,435795682,4Bf9D68XCsqVUQf7akzfEFJSYbpRBrSnwV8Qr8DkCXzn,4Bf9D68XCsqVUQf7akzfEFJSYbpRBrSnwV8Qr8DkCXzn,1,105000,729672402,-3479457.878053
EiAsJvYospNxVPtUoGbjUreXNbWcxdpKaiqeJNk6pump,shrek,3dDLHAuqnw2rhGNf6QbS6AThGFK2HdUSHeeZfqhFmDm9kmXtJhMmh6Jm2QU1oKYuN13tvxckaMVVg2UTiUe3oa8b,435795684,GTak962xhuv3JHVj74pwJW3inWBmNyXDUJSXtaGsVcQo,GTak962xhuv3JHVj74pwJW3inWBmNyXDUJSXtaGsVcQo,1,2005000,1185211797,-5979615.705519
EiAsJvYospNxVPtUoGbjUreXNbWcxdpKaiqeJNk6pump,shrek,3r95K97EgGsJQcpFJFGePd6YAzFvBdDGQBCpxN99D1TLhuszrrypVRPzpo8BGshwBJsTZ9GqLdgnzZQg3g433TwQ,435795686,4Bf9D68XCsqVUQf7akzfEFJSYbpRBrSnwV8Qr8DkCXzn,4Bf9D68XCsqVUQf7akzfEFJSYbpRBrSnwV8Qr8DkCXzn,1,105000,659359093,-3479457.878053
EiAsJvYospNxVPtUoGbjUreXNbWcxdpKaiqeJNk6pump,shrek,4CahsVzwcvNEzMRA4fNQaQdYQ4bswkX1gDZwXzGmh3iL3xkF67DzKMK8VoA4CjyzwYB7u214HwU82AwCr6o8AVN2,435795733,2CHrnc2LyagAbMaMFgthiDWh7ZZ9zT9TF8WEJf7MNE71,2CHrnc2LyagAbMaMFgthiDWh7ZZ9zT9TF8WEJf7MNE71,1,492070,813577164,-4938468.973866
EiAsJvYospNxVPtUoGbjUreXNbWcxdpKaiqeJNk6pump,shrek,5XTYPbmCxqnXk1XRrw15BoxWMoXj9yZmvheJhaRbxmD5eruWSACAV56gEwV87hM9X5HNNntSWCL6xxSWQ821gvaa,435795734,2CHrnc2LyagAbMaMFgthiDWh7ZZ9zT9TF8WEJf7MNE71,2CHrnc2LyagAbMaMFgthiDWh7ZZ9zT9TF8WEJf7MNE71,1,491842,817627317,-4938468.973866
EiAsJvYospNxVPtUoGbjUreXNbWcxdpKaiqeJNk6pump,shrek,5zWQtbss9BCJ1vZDnZEmjs5zeZiAWpTDn5cYJFTvhPzxBdiVxN14Q93KfE3GZDuYnTmXcLPR1VGp4Bz49vofPtcc,435795735,2CHrnc2LyagAbMaMFgthiDWh7ZZ9zT9TF8WEJf7MNE71,2CHrnc2LyagAbMaMFgthiDWh7ZZ9zT9TF8WEJf7MNE71,1,508661,726590005,-4444622.076479
EiAsJvYospNxVPtUoGbjUreXNbWcxdpKaiqeJNk6pump,shrek,4AVNpZ6xDkVYerZ3WEDGwyUgEXvLciwPMxT27JX51v2tjFYXVJgmBjNWvPUQkDDZZxynthcDfsV2c29MU4NdKgct,435795736,2CHrnc2LyagAbMaMFgthiDWh7ZZ9zT9TF8WEJf7MNE71,2CHrnc2LyagAbMaMFgthiDWh7ZZ9zT9TF8WEJf7MNE71,1,519519,635056730,-3950775.179093
EiAsJvYospNxVPtUoGbjUreXNbWcxdpKaiqeJNk6pump,shrek,45aTbRoLMcXXooCKBaLGVJWmFXzEXWKm9fqq9ukav38rgho1n8S4pAiwCvTurEihkj5yncBN1WX9EQXjSWmnfMdE,435795737,2CHrnc2LyagAbMaMFgthiDWh7ZZ9zT9TF8WEJf7MNE71,2CHrnc2LyagAbMaMFgthiDWh7ZZ9zT9TF8WEJf7MNE71,1,540488,553543482,-3506312.971445
EiAsJvYospNxVPtUoGbjUreXNbWcxdpKaiqeJNk6pump,shrek,RHTJz6PCRFDYjmHycZPrjsW8iiRc9fREa2j5kmGPC3Jm9LjKmwxdXBPf4zt3dKgDp1D8U9scs6ULL5sRFkZimmM,435795738,2CHrnc2LyagAbMaMFgthiDWh7ZZ9zT9TF8WEJf7MNE71,2CHrnc2LyagAbMaMFgthiDWh7ZZ9zT9TF8WEJf7MNE71,1,529132,483705907,-3111235.453535
EiAsJvYospNxVPtUoGbjUreXNbWcxdpKaiqeJNk6pump,shrek,57yhMiGhAouTxpK1CHL4zfAbANkWDLow3sMNtyv694tp1WeyzB6wqExh89GPJLCJmrkQHzafg52NRW5JnUfAuTjn,435795739,2CHrnc2LyagAbMaMFgthiDWh7ZZ9zT9TF8WEJf7MNE71,2CHrnc2LyagAbMaMFgthiDWh7ZZ9zT9TF8WEJf7MNE71,1,537960,375701720,-2449480.611037
EiAsJvYospNxVPtUoGbjUreXNbWcxdpKaiqeJNk6pump,shrek,46H5tPQJDiKk8mmUUs42rTiysJ75tpf6WgHkpYvWZnXvPKQz2da7UNBoSYtoGaLs3KZnwQiZoFTZ2MEiGrRdpbJ9,435795741,2CHrnc2LyagAbMaMFgthiDWh7ZZ9zT9TF8WEJf7MNE71,2CHrnc2LyagAbMaMFgthiDWh7ZZ9zT9TF8WEJf7MNE71,1,548948,343848776,-2204532.549934
EiAsJvYospNxVPtUoGbjUreXNbWcxdpKaiqeJNk6pump,shrek,mG4jAuK2Qu1xoiCisd2sJkpLzh3QZjLTmGeLApdeygDcT2QWRa1jY36EcLtKhNeCSL1eWvVoZehJZZEpXSKmCXG,435795744,2CHrnc2LyagAbMaMFgthiDWh7ZZ9zT9TF8WEJf7MNE71,2CHrnc2LyagAbMaMFgthiDWh7ZZ9zT9TF8WEJf7MNE71,1,554368,1642159623,-9920396.474703
EiAsJvYospNxVPtUoGbjUreXNbWcxdpKaiqeJNk6pump,shrek,51RuHshKHgxvtogseJfdUTh7AeHyDpSd5mTR71htiEaeubmJ5W11TLGofXeVMixrvau3pwofzf5SUKnm7qSQx6p8,435795746,2CHrnc2LyagAbMaMFgthiDWh7ZZ9zT9TF8WEJf7MNE71,2CHrnc2LyagAbMaMFgthiDWh7ZZ9zT9TF8WEJf7MNE71,1,591228,1616361166,-9920396.474704
EiAsJvYospNxVPtUoGbjUreXNbWcxdpKaiqeJNk6pump,shrek,52NhBREynfeSc5LduAcbjAJqRYPhyC15nAbPVjgkAkpjh8pRCkjkBYbzN3kUx5YRkcT6WPm1SyfNWCZHV45f9zAQ,435795758,Atgx1JXsp8pTQ9Qsi74wF5pLMVwHwyQc6jJCu84evN7c,Atgx1JXsp8pTQ9Qsi74wF5pLMVwHwyQc6jJCu84evN7c,1,625000,717637037,-4182664.43431
EiAsJvYospNxVPtUoGbjUreXNbWcxdpKaiqeJNk6pump,shrek,2rk4cWcNAnqxT3nEhKFbGv1QquVprYjHQHrVWF3KteiHzNc8ahua2fSZL1u2yt12wTSk6HAocZF3gazKAosZNiCz,435795759,Atgx1JXsp8pTQ9Qsi74wF5pLMVwHwyQc6jJCu84evN7c,Atgx1JXsp8pTQ9Qsi74wF5pLMVwHwyQc6jJCu84evN7c,1,615000,1575269977,-9410994.977199
EiAsJvYospNxVPtUoGbjUreXNbWcxdpKaiqeJNk6pump,shrek,1FSiCsyzKPkjtsCVfeg3Qqug84vKCPvC5cuKxtSPGTAK5zici1UNGhSPd1STncXZdQ2osCi8MM6sddBCdEeQqD7,435795762,Atgx1JXsp8pTQ9Qsi74wF5pLMVwHwyQc6jJCu84evN7c,Atgx1JXsp8pTQ9Qsi74wF5pLMVwHwyQc6jJCu84evN7c,1,615000,1143889601,-7058246.232899
EiAsJvYospNxVPtUoGbjUreXNbWcxdpKaiqeJNk6pump,shrek,4WHAmcuo2q4Rjbvht4x4BqUcwJekJDEH1M82smbwLmdaqniT3kcETn8WoR4QsjeHNmE6Ty2BHRak3PWRDPjviKPE,435795764,Atgx1JXsp8pTQ9Qsi74wF5pLMVwHwyQc6jJCu84evN7c,Atgx1JXsp8pTQ9Qsi74wF5pLMVwHwyQc6jJCu84evN7c,1,625000,833779217,-5293684.674674
EiAsJvYospNxVPtUoGbjUreXNbWcxdpKaiqeJNk6pump,shrek,4Pn9mhd474iang2vqRxwS3vioEmmuLn1eX5ADrSGzfWG9CSFKZY3HNv177VVCpGu5hNYBtXmi6SSwJVwgoAChjMG,435795768,Atgx1JXsp8pTQ9Qsi74wF5pLMVwHwyQc6jJCu84evN7c,Atgx1JXsp8pTQ9Qsi74wF5pLMVwHwyQc6jJCu84evN7c,1,625000,2426982207,-15881054.024025
EiAsJvYospNxVPtUoGbjUreXNbWcxdpKaiqeJNk6pump,shrek,4wwhGioF6F1T3bmSEWikn64WUFnqMFxKqyA5UuzJXqBefRq6sSDtT3QEmcV6DJPLMwvztosWpTRoXvm4t1SqHs73,435795774,8kzFH4rgFzy4ccz97AhgqRT7Qbt7HnD5oJCDK1Sxdarb,8kzFH4rgFzy4ccz97AhgqRT7Qbt7HnD5oJCDK1Sxdarb,1,615000,598847160,-3743748.787729
EiAsJvYospNxVPtUoGbjUreXNbWcxdpKaiqeJNk6pump,shrek,3q15P5KksdZPsgoAiLT3J5RhEK13EqzmWLScW85vP54suPnEGJGMXNdgKx7e8VPjZ9ZXRxNpus2ZCqxQivu3K8Sj,435795775,8kzFH4rgFzy4ccz97AhgqRT7Qbt7HnD5oJCDK1Sxdarb,8kzFH4rgFzy4ccz97AhgqRT7Qbt7HnD5oJCDK1Sxdarb,1,625000,444021165,-3743748.787729
EiAsJvYospNxVPtUoGbjUreXNbWcxdpKaiqeJNk6pump,shrek,3PzrbWCBL3cj9FVN85XGWWhBGFxbAPSb7DipCgkThJ7kpN14C2N93YdvLFVyDPZGxi5EFbQ2guF5wNprCapyxWtt,435795776,8kzFH4rgFzy4ccz97AhgqRT7Qbt7HnD5oJCDK1Sxdarb,8kzFH4rgFzy4ccz97AhgqRT7Qbt7HnD5oJCDK1Sxdarb,1,615000,512529457,-3743748.787729
EiAsJvYospNxVPtUoGbjUreXNbWcxdpKaiqeJNk6pump,shrek,2xu3ytTAVYZ5wYLeyNnbEFURGYn69azW6K5RHb9JyFpEo23pHs2nRGaLAw8oUoT6fqC2ZyS9RrDX7egWQ8QP2Dvt,435795777,8kzFH4rgFzy4ccz97AhgqRT7Qbt7HnD5oJCDK1Sxdarb,8kzFH4rgFzy4ccz97AhgqRT7Qbt7HnD5oJCDK1Sxdarb,1,615000,429213914,-2994999.030183
EiAsJvYospNxVPtUoGbjUreXNbWcxdpKaiqeJNk6pump,shrek,41UUX8vPvPrKRk5ig7SEi2vQZuTntJNVfWjtaURHscYWm5ukr17zEbRLdHmYuouGbVQWDth9JcWPSDGhdECtnU9J,435795777,8kzFH4rgFzy4ccz97AhgqRT7Qbt7HnD5oJCDK1Sxdarb,8kzFH4rgFzy4ccz97AhgqRT7Qbt7HnD5oJCDK1Sxdarb,1,615000,427376933,-2994999.030183
EiAsJvYospNxVPtUoGbjUreXNbWcxdpKaiqeJNk6pump,shrek,3vA2PFNe4tdYBvU5mVame4HKnBeGNYTstAkci8hxoScz64jUD5ad9CXigVVLSY98KXQFj16Ji5QUjm9T9Ae2xCZm,435795778,8kzFH4rgFzy4ccz97AhgqRT7Qbt7HnD5oJCDK1Sxdarb,8kzFH4rgFzy4ccz97AhgqRT7Qbt7HnD5oJCDK1Sxdarb,1,615000,374025182,-2620624.15141
EiAsJvYospNxVPtUoGbjUreXNbWcxdpKaiqeJNk6pump,shrek,4LsGN4RwmpATgZseDYt4mR6APTzibAuYgrbQAkoLZZkWwAdizBQR2tmB6xabN5g53uBRtHv7jM44adrPDTj7J5HP,435795780,8kzFH4rgFzy4ccz97AhgqRT7Qbt7HnD5oJCDK1Sxdarb,8kzFH4rgFzy4ccz97AhgqRT7Qbt7HnD5oJCDK1Sxdarb,1,615000,278446794,-2021624.345373
EiAsJvYospNxVPtUoGbjUreXNbWcxdpKaiqeJNk6pump,shrek,5HF1F8CjDL83pT4jX6rhQg5qsV7mBjizFhaJZX332oJaZu95dg98hnuoqUcMqsy1Nze9uvD4HfRKt3rfWHoU7zhD,435795782,8kzFH4rgFzy4ccz97AhgqRT7Qbt7HnD5oJCDK1Sxdarb,8kzFH4rgFzy4ccz97AhgqRT7Qbt7HnD5oJCDK1Sxdarb,1,615000,2286507275,-15573994.956956
EiAsJvYospNxVPtUoGbjUreXNbWcxdpKaiqeJNk6pump,shrek,2h2vfjtpVkTDT8seB3yuGWowhLqqFWAgcqSuSTZdQ7oDNFmuz82RidyqHSYk85gE6zA8cXY99rBkfBB4i8NfD8VG,435795788,5P8A9bGUhroskpuA4hhRbybgt37TcTz7ft5zLAh8orpn,5P8A9bGUhroskpuA4hhRbybgt37TcTz7ft5zLAh8orpn,1,615000,461075502,-3020135.721005
EiAsJvYospNxVPtUoGbjUreXNbWcxdpKaiqeJNk6pump,shrek,4ahW9GDmf1yfi69oVT7vXNMoedmW4DUuytGKNmUVDhC2YER8f3DHZJX9y9xDZ7xRpamTn3F2mUWEkhuRdmpi9xzm,435795788,5P8A9bGUhroskpuA4hhRbybgt37TcTz7ft5zLAh8orpn,5P8A9bGUhroskpuA4hhRbybgt37TcTz7ft5zLAh8orpn,1,615000,447380500,-3020135.721005
EiAsJvYospNxVPtUoGbjUreXNbWcxdpKaiqeJNk6pump,shrek,4ouo6NEDf7dUvqyEx58xfRUZBYcpWvh1wuprZCR3A3u6wj9h1BTRf2NukGh9UXTbi8Nd2JTHZCMTdGhZQvmAAhhV,435795790,5P8A9bGUhroskpuA4hhRbybgt37TcTz7ft5zLAh8orpn,5P8A9bGUhroskpuA4hhRbybgt37TcTz7ft5zLAh8orpn,1,615000,1746731978,-12080542.884021
EiAsJvYospNxVPtUoGbjUreXNbWcxdpKaiqeJNk6pump,shrek,CMYiPqStwsV6ni1FE5xa6QHTH4kFoTrWyCBd1m74WkgfRzy6GDDfW8in8ch8taZahGuCtFMvBfCP9b7kSu8QnLZ,435795791,5P8A9bGUhroskpuA4hhRbybgt37TcTz7ft5zLAh8orpn,5P8A9bGUhroskpuA4hhRbybgt37TcTz7ft5zLAh8orpn,1,625000,1659511301,-12080542.884021
EiAsJvYospNxVPtUoGbjUreXNbWcxdpKaiqeJNk6pump,shrek,FC9XjJ52BeMbFuCAUHYCytQPDR5uXzUSqRwZKmvenZbVabyA1k6quzF5pT4o5Y74W6CuWTonAy28hG3PusZG2QV,435795796,GfJA84gwT9LpeyzeckeXkCsf8vdQuA64ZYQ91xoBawvt,GfJA84gwT9LpeyzeckeXkCsf8vdQuA64ZYQ91xoBawvt,1,820031,2313316850,-16133812.642362
EiAsJvYospNxVPtUoGbjUreXNbWcxdpKaiqeJNk6pump,shrek,2GCQm4uSBydmAvV7Wg7vnugGycmgNnLpmFuRhQn5hfQbwpo3hR5UpYAaqZPg3hz1tjmVgXmkMVHW2wcC85xNKL6u,435795800,GfJA84gwT9LpeyzeckeXkCsf8vdQuA64ZYQ91xoBawvt,GfJA84gwT9LpeyzeckeXkCsf8vdQuA64ZYQ91xoBawvt,1,721497,2089188000,-16133812.642362
EiAsJvYospNxVPtUoGbjUreXNbWcxdpKaiqeJNk6pump,shrek,5uuV4Ty9GoYpinKCwq6eKYLjqTK9HXNPZcFQLAHMnZUbecWDgJqurozmwLFwEEaBGsxZPYR2htPhih2o9eCJVyCQ,435795805,43x1zWzjVWJbQErWM78m3Acx83FFuGSQEhmgyxUrPdQs,43x1zWzjVWJbQErWM78m3Acx83FFuGSQEhmgyxUrPdQs,1,769904,953708634,-7156629.648771
EiAsJvYospNxVPtUoGbjUreXNbWcxdpKaiqeJNk6pump,shrek,4RPNLwAzPR928MMHooQpbzcwd82yWx1jdjSC7WS5G2vScUrQMWrYM22LofcR2LnDH5jaEN6g1k8XDkETocxMed4f,435795806,43x1zWzjVWJbQErWM78m3Acx83FFuGSQEhmgyxUrPdQs,43x1zWzjVWJbQErWM78m3Acx83FFuGSQEhmgyxUrPdQs,1,825070,1376545753,-10734944.473157
EiAsJvYospNxVPtUoGbjUreXNbWcxdpKaiqeJNk6pump,shrek,3PN1oaQqKNu5Gkw6fguTKGr2rWPSkmQhTTnAGQgawkFaMJPgdKrWf7snR3twdCyAeeAgeibhr5ivS8o7ifMLEJkf,435795807,43x1zWzjVWJbQErWM78m3Acx83FFuGSQEhmgyxUrPdQs,43x1zWzjVWJbQErWM78m3Acx83FFuGSQEhmgyxUrPdQs,1,817389,1326685880,-10734944.473157
BLs49DufsjJjuGCHQ5s1ov7rRAKDyrbATDu8v624pump,Luka,g9w7YGhQnh6Fxi4ntfCAB4JwCfR6qeRs5eXVSEJdGfkyc5nZXqmKan25funBEuRyJudQjXDsCt6ZKngnHZW3eFB,435754995,2CHrnc2LyagAbMaMFgthiDWh7ZZ9zT9TF8WEJf7MNE71,Atgx1JXsp8pTQ9Qsi74wF5pLMVwHwyQc6jJCu84evN7c,0,915000,-3250000000,41826644.343107
BLs49DufsjJjuGCHQ5s1ov7rRAKDyrbATDu8v624pump,Luka,g9w7YGhQnh6Fxi4ntfCAB4JwCfR6qeRs5eXVSEJdGfkyc5nZXqmKan25funBEuRyJudQjXDsCt6ZKngnHZW3eFB,435754995,2CHrnc2LyagAbMaMFgthiDWh7ZZ9zT9TF8WEJf7MNE71,8kzFH4rgFzy4ccz97AhgqRT7Qbt7HnD5oJCDK1Sxdarb,0,915000,-3300000000,37437487.877292
BLs49DufsjJjuGCHQ5s1ov7rRAKDyrbATDu8v624pump,Luka,g9w7YGhQnh6Fxi4ntfCAB4JwCfR6qeRs5eXVSEJdGfkyc5nZXqmKan25funBEuRyJudQjXDsCt6ZKngnHZW3eFB,435754995,2CHrnc2LyagAbMaMFgthiDWh7ZZ9zT9TF8WEJf7MNE71,2CHrnc2LyagAbMaMFgthiDWh7ZZ9zT9TF8WEJf7MNE71,1,915000,-3360137240,49384689.738662
BLs49DufsjJjuGCHQ5s1ov7rRAKDyrbATDu8v624pump,Luka,31NBkX3B2wUddWjW2jyyFsyWRiLu24E71MYUA8C48Zi9g9HNDCHCWuB5PjkyKfDxknkrAFEqErRMi4tL4tZnyYbc,435754995,GfJA84gwT9LpeyzeckeXkCsf8vdQuA64ZYQ91xoBawvt,GfJA84gwT9LpeyzeckeXkCsf8vdQuA64ZYQ91xoBawvt,1,915000,-3210137240,32267625.284724
BLs49DufsjJjuGCHQ5s1ov7rRAKDyrbATDu8v624pump,Luka,31NBkX3B2wUddWjW2jyyFsyWRiLu24E71MYUA8C48Zi9g9HNDCHCWuB5PjkyKfDxknkrAFEqErRMi4tL4tZnyYbc,435754995,GfJA84gwT9LpeyzeckeXkCsf8vdQuA64ZYQ91xoBawvt,5P8A9bGUhroskpuA4hhRbybgt37TcTz7ft5zLAh8orpn,0,915000,-3350000000,30201357.210052
BLs49DufsjJjuGCHQ5s1ov7rRAKDyrbATDu8v624pump,Luka,31NBkX3B2wUddWjW2jyyFsyWRiLu24E71MYUA8C48Zi9g9HNDCHCWuB5PjkyKfDxknkrAFEqErRMi4tL4tZnyYbc,435754995,GfJA84gwT9LpeyzeckeXkCsf8vdQuA64ZYQ91xoBawvt,43x1zWzjVWJbQErWM78m3Acx83FFuGSQEhmgyxUrPdQs,0,915000,-3550000000,28626518.595085
BLs49DufsjJjuGCHQ5s1ov7rRAKDyrbATDu8v624pump,Luka,4fPQwVdtf6uoAD6cSbkT23CbeVoPoq3ZiWuou1gHLDegRwMmkq6cF9guAcA9fAi1oHFJhQY1JktujpPR9H3UQmUz,435754995,5brv79eFZ2rGprXNvqgVJBkBptkkw8GJX1XydJyZLyAr,5brv79eFZ2rGprXNvqgVJBkBptkkw8GJX1XydJyZLyAr,1,188005000,-3190044280,21874000.712092
BLs49DufsjJjuGCHQ5s1ov7rRAKDyrbATDu8v624pump,Luka,15mLrLgphG7tMj54XzAk3AEN8ZWJSfTVqKSz9gWbiyiRZgLG4SCuTTLfcTcmfLGyMYpBGfyR2QmCJ69k4Lverbr,435754995,4Bf9D68XCsqVUQf7akzfEFJSYbpRBrSnwV8Qr8DkCXzn,4Bf9D68XCsqVUQf7akzfEFJSYbpRBrSnwV8Qr8DkCXzn,1,30005000,-3539165291,23211801.914914
BLs49DufsjJjuGCHQ5s1ov7rRAKDyrbATDu8v624pump,Luka,6okn8Q2cjSGkioVHPTtdqH8LYJbviJJSHudDs3wbbJaP9mXG16poF2Xaqnd7b3RnXkzQXjvvboU8BrAbfoN8h4K,435754995,GTak962xhuv3JHVj74pwJW3inWBmNyXDUJSXtaGsVcQo,GTak962xhuv3JHVj74pwJW3inWBmNyXDUJSXtaGsVcQo,1,30005000,-3539162600,21056145.353282
BLs49DufsjJjuGCHQ5s1ov7rRAKDyrbATDu8v624pump,Luka,4eaWmF2wT1yVQbbw9H8kymSQzKJm7UCyc4rQAF4a1SLMooeUs1Zf56ysL8gJeHiZfbGCrCjBQ8N2A4KtoMUfpBcY,435754995,7J6nqT751FMREofS3rjhy1K2oRp7MvmZo1Ybvgh4bpd9,7J6nqT751FMREofS3rjhy1K2oRp7MvmZo1Ybvgh4bpd9,1,11105000,-3263165291,16551310.429469
BLs49DufsjJjuGCHQ5s1ov7rRAKDyrbATDu8v624pump,Luka,5mVcg2B76KpXDrmjo1nBdF2M3RSdFwsyMHJJR7PjuKHUp1yMcrb8MXKQrndS8etc3gjgULJxyKnsdvStu7KcKUx6,435754995,5yZx1tJramkVgxh49u89PahACux6oWVfspVdBiYMJPMx,5yZx1tJramkVgxh49u89PahACux6oWVfspVdBiYMJPMx,1,1007089,-505168419,2636143.725719
BLs49DufsjJjuGCHQ5s1ov7rRAKDyrbATDu8v624pump,Luka,4vz46fJnYwvZzrZTuU2u53sCcoG55QjeNmHuAJ4jYmyftgbSxdxFr6Pt1JoVyaBsxubaLNu7mHMiLQrEtqVHhkfV,435754995,GTak962xhuv3JHVj74pwJW3inWBmNyXDUJSXtaGsVcQo,GTak962xhuv3JHVj74pwJW3inWBmNyXDUJSXtaGsVcQo,1,2005000,1252472892,-6948527.966583
BLs49DufsjJjuGCHQ5s1ov7rRAKDyrbATDu8v624pump,Luka,4gJDKC42x1Eg5wuTDMuFMmvkom1TH7WWgnur97rmHvHQGc6eF3TTH4z8AiqZ1Lv8LpjDE4768zmdzMq16qA8X7qQ,435754995,4Bf9D68XCsqVUQf7akzfEFJSYbpRBrSnwV8Qr8DkCXzn,4Bf9D68XCsqVUQf7akzfEFJSYbpRBrSnwV8Qr8DkCXzn,1,13000,1340897166,-7659894.631921
BLs49DufsjJjuGCHQ5s1ov7rRAKDyrbATDu8v624pump,Luka,4s4fR2p8bEi8QibbpXpCMGaBHRUWumPQnrVRXMYstaY4E31aD8kg1pAc32UyMrhKUqpMPfupdMeKMzJfFDLBubWE,435754995,moneyjZv8EzjQ8viRj1FapXgVQc4vXxofi2tQmezgdb,moneyjZv8EzjQ8viRj1FapXgVQc4vXxofi2tQmezgdb,1,10000000,-234074080,1120225.659339
BLs49DufsjJjuGCHQ5s1ov7rRAKDyrbATDu8v624pump,Luka,2hDAtaDbqnWSYpuJrakQrECoMdMUAfNffz9aSKLD62RoQB66ekKQg17bJpwEvmGDssidFqAEFUYaTj6i4g9yJ2o9,435754995,Anubis512ho5t7S6LNSwoxUWdeQmX2kf3RvZ8ApHHF5w,Anubis512ho5t7S6LNSwoxUWdeQmX2kf3RvZ8ApHHF5w,1,105000,-2243179080,12157150.154175
BLs49DufsjJjuGCHQ5s1ov7rRAKDyrbATDu8v624pump,Luka,1nZeCxRPe8nAtFcHmZ9QkXDahbrkGNn86FCY4i8fVAjkcZ8nnz6sRysEw4sFwtdJcfWMUwEeX5rvQ235CAgoPqN,435754995,GW9XLf7RgMoE4gsxn5J3sirHKmSomY3ar8aeR8NzvrXE,GW9XLf7RgMoE4gsxn5J3sirHKmSomY3ar8aeR8NzvrXE,1,505000,-301579080,1570555.716056
BLs49DufsjJjuGCHQ5s1ov7rRAKDyrbATDu8v624pump,Luka,4sEFQ4stDG4Hp93KCMrJdN865Fwr7beWLLpmeMztRgx6eDX45jbMEhi6gWrisD67YEkGWCVUgrmfyKfRMCTa6Gh2,435754996,5brv79eFZ2rGprXNvqgVJBkBptkkw8GJX1XydJyZLyAr,5brv79eFZ2rGprXNvqgVJBkBptkkw8GJX1XydJyZLyAr,1,365000,1203392584,-6562200.213627
BLs49DufsjJjuGCHQ5s1ov7rRAKDyrbATDu8v624pump,Luka,4ndktbjX4iDKt6KyRmsL6stcxQoRyGD5yEUKGp8HYe4LCSCqK5ZJYC4m1CwD6qi3Egj5CZrGFYHzm5NXxCJkY4KY,435754998,GTak962xhuv3JHVj74pwJW3inWBmNyXDUJSXtaGsVcQo,GTak962xhuv3JHVj74pwJW3inWBmNyXDUJSXtaGsVcQo,1,2005000,1233311954,-7053808.693349
BLs49DufsjJjuGCHQ5s1ov7rRAKDyrbATDu8v624pump,Luka,yKPJMRu4nxjWEVZw2AsZafrKBCcwhiKyyjNQDsgL1uauiJquJgsgdspcPcJAAhF7BTaWE3pyeepuc9D6BXWxhFS,435754998,4Bf9D68XCsqVUQf7akzfEFJSYbpRBrSnwV8Qr8DkCXzn,4Bf9D68XCsqVUQf7akzfEFJSYbpRBrSnwV8Qr8DkCXzn,1,105000,1320410494,-7775953.641496
BLs49DufsjJjuGCHQ5s1ov7rRAKDyrbATDu8v624pump,Luka,sLpKxSABFbzTFSE9eFofxH7SPNUoQdL4E9BqfYDF9BJW7FegxJCd6fkMMfMtceoYkM3HWj7dqkvuVaTcZw4w8Ag,435754998,5yZx1tJramkVgxh49u89PahACux6oWVfspVdBiYMJPMx,5yZx1tJramkVgxh49u89PahACux6oWVfspVdBiYMJPMx,1,107022,441243214,-2636143.725719
BLs49DufsjJjuGCHQ5s1ov7rRAKDyrbATDu8v624pump,Luka,4XrQ3sMRuBnAxS4DuUwCFx4dVuJy2XP2SUJYHkA2b6Bgw8EpHqAS7j8Ynm7HmAUunaFow3ikpWPcT2wyx1vg6Wcv,435754998,GTak962xhuv3JHVj74pwJW3inWBmNyXDUJSXtaGsVcQo,GTak962xhuv3JHVj74pwJW3inWBmNyXDUJSXtaGsVcQo,1,2005000,605555230,-2468833.042672
BLs49DufsjJjuGCHQ5s1ov7rRAKDyrbATDu8v624pump,Luka,2s1fb26iNA26jHWGFtUsezaTsJh7L4AiMQccppbw8DdAtNqF1aGJg22AtLWZuWKb1iLaQzZgibnTLmhM3Qzbcsqo,435754998,4Bf9D68XCsqVUQf7akzfEFJSYbpRBrSnwV8Qr8DkCXzn,4Bf9D68XCsqVUQf7akzfEFJSYbpRBrSnwV8Qr8DkCXzn,1,105000,1877172525,-7775953.641497
BLs49DufsjJjuGCHQ5s1ov7rRAKDyrbATDu8v624pump,Luka,5ZtzHgzd2QGCk8TyVE94TxtQj6HjaWUB5wfTjG8viW3g1jiWopWHHnXoVzpzA7WPCLrAnhS5d6veX4YbgKAkMjCy,435755000,Anubis512ho5t7S6LNSwoxUWdeQmX2kf3RvZ8ApHHF5w,Anubis512ho5t7S6LNSwoxUWdeQmX2kf3RvZ8ApHHF5w,1,105000,2803651016,-12157150.154175
BLs49DufsjJjuGCHQ5s1ov7rRAKDyrbATDu8v624pump,Luka,2L5LDiog2YUhfVQ4iCScouc6Rxj4FAD9iqJM2SjD89Xgq91fghHEK5GMrP5MQCts7AByAvZo2iRtSft3mgN75ULG,435755000,GTak962xhuv3JHVj74pwJW3inWBmNyXDUJSXtaGsVcQo,GTak962xhuv3JHVj74pwJW3inWBmNyXDUJSXtaGsVcQo,1,2005000,997661910,-4584975.650678
BLs49DufsjJjuGCHQ5s1ov7rRAKDyrbATDu8v624pump,Luka,3eZ5Bst1uA8JapmTqhybAge43ksXTEjcse8ZNf9KZtYTtuREuBS7W8rjK7h3FTW4FNJ6D231QZxPmZhmUNeJMjqx,435755000,5brv79eFZ2rGprXNvqgVJBkBptkkw8GJX1XydJyZLyAr,5brv79eFZ2rGprXNvqgVJBkBptkkw8GJX1XydJyZLyAr,1,365000,835230988,-3827950.124616
BLs49DufsjJjuGCHQ5s1ov7rRAKDyrbATDu8v624pump,Luka,zHnM3xNLheWpDDB6CCr2ig9RVZ7o8Lh59PhrCHSznZ6BcKiB2FKYztUkBBb4DpWgE958G4aSvqbJtnsq1RJCtzm,435755002,5brv79eFZ2rGprXNvqgVJBkBptkkw8GJX1XydJyZLyAr,5brv79eFZ2rGprXNvqgVJBkBptkkw8GJX1XydJyZLyAr,1,365000,628491214,-2870962.593462
BLs49DufsjJjuGCHQ5s1ov7rRAKDyrbATDu8v624pump,Luka,eud482HD9RN84pGJUFEB1kBH3bBRTKUDx3A51bm7ujKjEQSxjenXXoQo6Q2USMAW31HGBCsEi5K7ksZUy6nFak9,435755006,5brv79eFZ2rGprXNvqgVJBkBptkkw8GJX1XydJyZLyAr,5brv79eFZ2rGprXNvqgVJBkBptkkw8GJX1XydJyZLyAr,1,365000,372170280,-2153221.945096
BLs49DufsjJjuGCHQ5s1ov7rRAKDyrbATDu8v624pump,Luka,3G4ryMP1k6C3RpFLsjzJmyqcEiAzrPj5iEWJq9j3SojKQXZSsUgetpb6Lp6rA34mdkNBdArDzTuUzNsi172oac9j,435755008,5brv79eFZ2rGprXNvqgVJBkBptkkw8GJX1XydJyZLyAr,5brv79eFZ2rGprXNvqgVJBkBptkkw8GJX1XydJyZLyAr,1,365000,293876084,-1614916.458822
BLs49DufsjJjuGCHQ5s1ov7rRAKDyrbATDu8v624pump,Luka,4PNxFfFEbqMjW7dqAoHSreABBxWwbwz2fzQnfmXaaUpo7GfLBmNoP1bsqMPAPQLcGxBpFkuVWmdnMTk7KJz4rJT7,435755011,5brv79eFZ2rGprXNvqgVJBkBptkkw8GJX1XydJyZLyAr,5brv79eFZ2rGprXNvqgVJBkBptkkw8GJX1XydJyZLyAr,1,365000,206008504,-1211187.344117
BLs49DufsjJjuGCHQ5s1ov7rRAKDyrbATDu8v624pump,Luka,334MTDL2bTmetmJWJZxgoXhQwNxcp9q3hv9EHyF1SwEMEr3CgbB4ssCsYdCeczPHpQKHpFJkF9r2mtJxXpfqxoZr,435755014,5brv79eFZ2rGprXNvqgVJBkBptkkw8GJX1XydJyZLyAr,5brv79eFZ2rGprXNvqgVJBkBptkkw8GJX1XydJyZLyAr,1,365000,545302227,-3633562.032352
BLs49DufsjJjuGCHQ5s1ov7rRAKDyrbATDu8v624pump,Luka,3gRmNvS1Pte4gD89FhLaZwFSa7UqYnGMfdW9XvkLkp1W6FStsn2oqY1pE8YdwzKAzF8Gqcbr6S4GkGbcNaPygMhG,435755060,GW9XLf7RgMoE4gsxn5J3sirHKmSomY3ar8aeR8NzvrXE,GW9XLf7RgMoE4gsxn5J3sirHKmSomY3ar8aeR8NzvrXE,1,105000,222627600,-1570555.716056
BLs49DufsjJjuGCHQ5s1ov7rRAKDyrbATDu8v624pump,Luka,63bYJCKcsCWZJRdfJ6QqJZZTjR6Pv7C2fu7YPk7WNF8XogR7pRLTZ4XKEFP2F1vrALq1eJFHTVu5TWatSZfP1jGa,435755063,2CHrnc2LyagAbMaMFgthiDWh7ZZ9zT9TF8WEJf7MNE71,2CHrnc2LyagAbMaMFgthiDWh7ZZ9zT9TF8WEJf7MNE71,1,849758,701224708,-4938468.973866
BLs49DufsjJjuGCHQ5s1ov7rRAKDyrbATDu8v624pump,Luka,5Kro3L16bf7t2NpTVWMbz7HiQHGG4wpdkxJMwYnufyqx8kCvsBibr6jegH1xfDugPqpoqS4hWpCo6L238qBeoM5B,435755065,2CHrnc2LyagAbMaMFgthiDWh7ZZ9zT9TF8WEJf7MNE71,2CHrnc2LyagAbMaMFgthiDWh7ZZ9zT9TF8WEJf7MNE71,1,819167,618452439,-4444622.076479
BLs49DufsjJjuGCHQ5s1ov7rRAKDyrbATDu8v624pump,Luka,v3B388NAZSBAW8VkFkAQBiWAMqUSQ4fkjyQ211R6CJXG2UgXUWRngfMDbyThW17L5Ftk2x9nmvcBvWrGrcADKVK,435755067,2CHrnc2LyagAbMaMFgthiDWh7ZZ9zT9TF8WEJf7MNE71,2CHrnc2LyagAbMaMFgthiDWh7ZZ9zT9TF8WEJf7MNE71,1,780658,546603322,-4000159.868831
BLs49DufsjJjuGCHQ5s1ov7rRAKDyrbATDu8v624pump,Luka,5A2eif7mMw9k3JofJaj4Kb4aTfiAAJWcqBWunMAAuEJxLU6WCPeAouXpX688a6q5mPquBYNxAqbXDbmxB7fSB3dz,435755068,2CHrnc2LyagAbMaMFgthiDWh7ZZ9zT9TF8WEJf7MNE71,2CHrnc2LyagAbMaMFgthiDWh7ZZ9zT9TF8WEJf7MNE71,1,831215,538025385,-4000159.868831
BLs49DufsjJjuGCHQ5s1ov7rRAKDyrbATDu8v624pump,Luka,5TDmZHKdgZcfizVzRSHVpnXETkjS1yJKTxV9vkZEUEUQUd6eKYwjprggUxgyH6mHcAJxQAaHf6CVvjjeyq4Fq1ft,435755071,moneyjZv8EzjQ8viRj1FapXgVQc4vXxofi2tQmezgdb,moneyjZv8EzjQ8viRj1FapXgVQc4vXxofi2tQmezgdb,1,105000,-101205000,680625.994699
BLs49DufsjJjuGCHQ5s1ov7rRAKDyrbATDu8v624pump,Luka,7xdPGiuA1foA6zPQURmtPoqyMj4pUqq3VgbMkZzCQYoYymeUpRdBZGFbVJZLB5eeKop3CQMpKSF8tFjiCZH1bgi,435755077,2CHrnc2LyagAbMaMFgthiDWh7ZZ9zT9TF8WEJf7MNE71,2CHrnc2LyagAbMaMFgthiDWh7ZZ9zT9TF8WEJf7MNE71,1,895950,1138316759,-8000319.737663
BLs49DufsjJjuGCHQ5s1ov7rRAKDyrbATDu8v624pump,Luka,2KTrzobgyMhKWdp6cHQXRrVwVoHMEQU5CzGQNoZpmSp1KTTFrYWvFev9L1qCZrUxVBdrRb4zwQhcWC4G5G2xRpq4,435755082,2CHrnc2LyagAbMaMFgthiDWh7ZZ9zT9TF8WEJf7MNE71,2CHrnc2LyagAbMaMFgthiDWh7ZZ9zT9TF8WEJf7MNE71,1,853783,3266421194,-24000959.212992
BLs49DufsjJjuGCHQ5s1ov7rRAKDyrbATDu8v624pump,Luka,4p5q8ynEfLdmzvdq9STWDe3h6xNCYdEepR5y2PpNAW4UeMTZFnXxurdNfUmQewYbyv7p8iJqtD3YsY3dsyapAPTT,435755088,Atgx1JXsp8pTQ9Qsi74wF5pLMVwHwyQc6jJCu84evN7c,Atgx1JXsp8pTQ9Qsi74wF5pLMVwHwyQc6jJCu84evN7c,1,855106,561475609,-4182664.43431
BLs49DufsjJjuGCHQ5s1ov7rRAKDyrbATDu8v624pump,Luka,3VtZi3XUo8L8z7RYwjAbeKXJpn9uEJqxPXiGYecTNi2cZvde8C49MGj1fNM6d1wLwRBKpmJ2PHod9181VwJGjbWD,435755089,Atgx1JXsp8pTQ9Qsi74wF5pLMVwHwyQc6jJCu84evN7c,Atgx1JXsp8pTQ9Qsi74wF5pLMVwHwyQc6jJCu84evN7c,1,869857,553475371,-4182664.43431
BLs49DufsjJjuGCHQ5s1ov7rRAKDyrbATDu8v624pump,Luka,4Xcfy1sCgrjYd4HxRo8wcKZDvVrmBSEXWqfLnkFGWHDk2vV5BBbgchhBJN79M9Wv1KVcMVUmXrNRK2Vv82euF8b7,435755091,Atgx1JXsp8pTQ9Qsi74wF5pLMVwHwyQc6jJCu84evN7c,Atgx1JXsp8pTQ9Qsi74wF5pLMVwHwyQc6jJCu84evN7c,1,879641,435595250,-3346131.547448
BLs49DufsjJjuGCHQ5s1ov7rRAKDyrbATDu8v624pump,Luka,4Vg2gBnaBf9v717efMwHvBqiytN2Q3RAy1RkzX5kUdXG1WXBXn56H5NouA4chxst4rWMGtTBc1RYP1MQymo2Ag2Y,435755092,Atgx1JXsp8pTQ9Qsi74wF5pLMVwHwyQc6jJCu84evN7c,Atgx1JXsp8pTQ9Qsi74wF5pLMVwHwyQc6jJCu84evN7c,1,871025,429685792,-3346131.547448
BLs49DufsjJjuGCHQ5s1ov7rRAKDyrbATDu8v624pump,Luka,2D5hsY6TkUPWT6ej7xA4vmqf8AFSMAEe8xQJfX1PoG9shbwJLwxfiakUFWW7xkBNfCamDfRYcEa6fuphMTkAoQMe,435755093,Atgx1JXsp8pTQ9Qsi74wF5pLMVwHwyQc6jJCu84evN7c,Atgx1JXsp8pTQ9Qsi74wF5pLMVwHwyQc6jJCu84evN7c,1,853030,381562464,-3011518.392703
BLs49DufsjJjuGCHQ5s1ov7rRAKDyrbATDu8v624pump,Luka,31Qf4KoNZ8QFgqxjKVrrV8EoYv7uPNZJ6s33NcavP5HwbEZybMYQg6kp4VMMjanDZPACU8xbfzV68JaeDNGPcsCF,435755095,Atgx1JXsp8pTQ9Qsi74wF5pLMVwHwyQc6jJCu84evN7c,Atgx1JXsp8pTQ9Qsi74wF5pLMVwHwyQc6jJCu84evN7c,1,814594,325175784,-2375753.398688
BLs49DufsjJjuGCHQ5s1ov7rRAKDyrbATDu8v624pump,Luka,4LN4eH2nRtXivKDASbf2Kz2mt37gngNgS9XH2GJ7W2K5VNRBCMK4bPBYVpKMGmp8qpiwNxYNZDhLQ3LECgBzJERB,435755098,Atgx1JXsp8pTQ9Qsi74wF5pLMVwHwyQc6jJCu84evN7c,Atgx1JXsp8pTQ9Qsi74wF5pLMVwHwyQc6jJCu84evN7c,1,814594,294278001,-2138178.05882
BLs49DufsjJjuGCHQ5s1ov7rRAKDyrbATDu8v624pump,Luka,3YxrKCLgr3Uo4N1YvmWZZ1Ads1NosCazxroFJPhhk2DGjDFRSxEh4Gs3QBkFr5KicCoy7yAVqHMXnqrJm38i9Vns,435755098,Atgx1JXsp8pTQ9Qsi74wF5pLMVwHwyQc6jJCu84evN7c,Atgx1JXsp8pTQ9Qsi74wF5pLMVwHwyQc6jJCu84evN7c,1,814594,291637105,-2138178.05882
BLs49DufsjJjuGCHQ5s1ov7rRAKDyrbATDu8v624pump,Luka,5nJKFEVgp6Mcze3vVGftDq2tC6WzAo5KSkM3uDdSaQ5nnL9t57meNP7iFaEExqpVS4nbEfB6du4Fd8TFHMnSTXmJ,435755100,Atgx1JXsp8pTQ9Qsi74wF5pLMVwHwyQc6jJCu84evN7c,Atgx1JXsp8pTQ9Qsi74wF5pLMVwHwyQc6jJCu84evN7c,1,776925,222979802,-1710542.447056
BLs49DufsjJjuGCHQ5s1ov7rRAKDyrbATDu8v624pump,Luka,64DzTwToo9Nbd9xmhH39YwwuzuQDQKd3GmqJLKoX4Tv1em77GZStPtJhgqfPJAq5cvgCApwYJsHVdTHEYWHfeqng,435755102,Atgx1JXsp8pTQ9Qsi74wF5pLMVwHwyQc6jJCu84evN7c,Atgx1JXsp8pTQ9Qsi74wF5pLMVwHwyQc6jJCu84evN7c,1,780380,1965247974,-15394882.023504
BLs49DufsjJjuGCHQ5s1ov7rRAKDyrbATDu8v624pump,Luka,6za7SUAfiv1sJ4JbFY5adfG3wntC6METTmFYqWasxLN12MPMHSbR2aDz4PU1KpueUrJumNeTF8BhKWU2rV1bZgi,435755107,8kzFH4rgFzy4ccz97AhgqRT7Qbt7HnD5oJCDK1Sxdarb,8kzFH4rgFzy4ccz97AhgqRT7Qbt7HnD5oJCDK1Sxdarb,1,774755,515572888,-3743748.787729
BLs49DufsjJjuGCHQ5s1ov7rRAKDyrbATDu8v624pump,Luka,2a8VzJ6hgYWheHqLuWEJLTSwCVd6mdeyQHKFNz2GDbZZSi3MiLtxQ535sK4PxCJjkv9tduTroUS2jERV3gyHefrM,435755109,8kzFH4rgFzy4ccz97AhgqRT7Qbt7HnD5oJCDK1Sxdarb,8kzFH4rgFzy4ccz97AhgqRT7Qbt7HnD5oJCDK1Sxdarb,1,788321,456945710,-3369373.908956
BLs49DufsjJjuGCHQ5s1ov7rRAKDyrbATDu8v624pump,Luka,24aYLRJ88DJixcnHwJTvtSp3u4xxbZZWbV9EG1m6FcuiqCCwNzaKQ9cqTBuET7QVX7gs8xDXaU8wuE1D5FoMsAR9,435755110,8kzFH4rgFzy4ccz97AhgqRT7Qbt7HnD5oJCDK1Sxdarb,8kzFH4rgFzy4ccz97AhgqRT7Qbt7HnD5oJCDK1Sxdarb,1,809028,450578317,-3369373.908956
BLs49DufsjJjuGCHQ5s1ov7rRAKDyrbATDu8v624pump,Luka,5NoyGHaUGS4M4ND1SsseQ6Y5xB3TQySoQxrKNKhiRfd3D17jkdkW7tDaXKBU7ByAAydTNqXJNZ4zMMuw7x71By5r,435755110,8kzFH4rgFzy4ccz97AhgqRT7Qbt7HnD5oJCDK1Sxdarb,8kzFH4rgFzy4ccz97AhgqRT7Qbt7HnD5oJCDK1Sxdarb,1,836015,454638503,-3369373.908956
BLs49DufsjJjuGCHQ5s1ov7rRAKDyrbATDu8v624pump,Luka,3ihSKzpPAxeGyxnnhjVJGLRFay4yyjKxQZhw1YpJ1Y2dTiXUoS2oTrPF695gxs6MsbAGqqqS4jsm3eApBcU9rmmK,435755112,8kzFH4rgFzy4ccz97AhgqRT7Qbt7HnD5oJCDK1Sxdarb,8kzFH4rgFzy4ccz97AhgqRT7Qbt7HnD5oJCDK1Sxdarb,1,754716,313877466,-2358561.736269
BLs49DufsjJjuGCHQ5s1ov7rRAKDyrbATDu8v624pump,Luka,4KTutup87okkVNPE2gGgwqBFpmy7sgDUriwExc6W53f4nDrZsB4jZs7PnN3hac2HgYsWrfFNTDwmWXodQ3hXK5pY,435755113,8kzFH4rgFzy4ccz97AhgqRT7Qbt7HnD5oJCDK1Sxdarb,8kzFH4rgFzy4ccz97AhgqRT7Qbt7HnD5oJCDK1Sxdarb,1,628313,310825808,-2358561.736269
BLs49DufsjJjuGCHQ5s1ov7rRAKDyrbATDu8v624pump,Luka,4VNSYx2t5WfAokWbYrjyqVnLbtv1dPRXKys2XQKXivaVn7ufzhxMYAcw8wP7WNd7UNFM6xKiXvaB9RNjZiLNBfWc,435755114,8kzFH4rgFzy4ccz97AhgqRT7Qbt7HnD5oJCDK1Sxdarb,8kzFH4rgFzy4ccz97AhgqRT7Qbt7HnD5oJCDK1Sxdarb,1,628313,276969951,-2122705.562642
BLs49DufsjJjuGCHQ5s1ov7rRAKDyrbATDu8v624pump,Luka,4hfRanvom18jwyjcrizePCkj2rDFNBFrTn6awTntG9Y6RGGWAaZyzqMW16yCJS7mdAQYR73Le5XnoNJsnWeTtZY9,435755116,8kzFH4rgFzy4ccz97AhgqRT7Qbt7HnD5oJCDK1Sxdarb,8kzFH4rgFzy4ccz97AhgqRT7Qbt7HnD5oJCDK1Sxdarb,1,628313,2116916033,-16745788.327515
BLs49DufsjJjuGCHQ5s1ov7rRAKDyrbATDu8v624pump,Luka,65QzN1uedJNT6quxc4XdScNLQKE2S1fYJGAkAQsQSSc8vpY1icpD9veeHsd1ZTyMXdNmguSMyT8oYaCEbaxK9L75,435755122,5P8A9bGUhroskpuA4hhRbybgt37TcTz7ft5zLAh8orpn,5P8A9bGUhroskpuA4hhRbybgt37TcTz7ft5zLAh8orpn,1,615000,927043317,-7550339.302513
BLs49DufsjJjuGCHQ5s1ov7rRAKDyrbATDu8v624pump,Luka,3bfBKmxrzg7bNvJufGyfGBGUqEbQZqJCHVWwRMQVHzTBBioW9DL7iYkbHsDJv1KNsVeDnZog51gHAaLDu5iKeXnU,435755128,5P8A9bGUhroskpuA4hhRbybgt37TcTz7ft5zLAh8orpn,5P8A9bGUhroskpuA4hhRbybgt37TcTz7ft5zLAh8orpn,1,729976,2923649781,-22651017.907539
BLs49DufsjJjuGCHQ5s1ov7rRAKDyrbATDu8v624pump,Luka,3wPDDMZNQbZf4jSP42NCfa6vBqVjfkHw1qRvxgxsNARb3RLnpz8AoE6Vfjc6aFKAp1uEKE9GtfY2hEZRUHJV4eD,435755135,GfJA84gwT9LpeyzeckeXkCsf8vdQuA64ZYQ91xoBawvt,GfJA84gwT9LpeyzeckeXkCsf8vdQuA64ZYQ91xoBawvt,1,780658,981925487,-8066906.321181
BLs49DufsjJjuGCHQ5s1ov7rRAKDyrbATDu8v624pump,Luka,3TUBGeSeCvYEQwGqXvEeaj68vP5jtiuCW6HX3LMynaWhwiJLFoUYQ4RMZbh4nQ19nopax4fJMXm8nUHsxjGDcGUr,435755143,GfJA84gwT9LpeyzeckeXkCsf8vdQuA64ZYQ91xoBawvt,GfJA84gwT9LpeyzeckeXkCsf8vdQuA64ZYQ91xoBawvt,1,780851,2820673148,-24200718.963543
BLs49DufsjJjuGCHQ5s1ov7rRAKDyrbATDu8v624pump,Luka,4ebUn6yNB5SmxpsAYAr8eDTvHe8kpz8bEMwxb5wuftSQ68ZJ8qu9QCmiQGDV5xidrf8dvExG6uwNYJrat9d25FV8,435755151,43x1zWzjVWJbQErWM78m3Acx83FFuGSQEhmgyxUrPdQs,43x1zWzjVWJbQErWM78m3Acx83FFuGSQEhmgyxUrPdQs,1,692223,3317674915,-28626518.595085
FNjhEHDYshbNAU7Bge9bRgTgrk1T9dmFQtcPyGAVpump,Fushin,3wRsEkjgfhTaPBsZapFehyipk4upXwkQ3PYVW6DDBh74RQvZn9B6zSAb7HN7xNDpTbeLzJw97tig5hFXaAuTqVHH,435733740,2CHrnc2LyagAbMaMFgthiDWh7ZZ9zT9TF8WEJf7MNE71,Atgx1JXsp8pTQ9Qsi74wF5pLMVwHwyQc6jJCu84evN7c,0,915000,-3250000000,41826644.343107
FNjhEHDYshbNAU7Bge9bRgTgrk1T9dmFQtcPyGAVpump,Fushin,3wRsEkjgfhTaPBsZapFehyipk4upXwkQ3PYVW6DDBh74RQvZn9B6zSAb7HN7xNDpTbeLzJw97tig5hFXaAuTqVHH,435733740,2CHrnc2LyagAbMaMFgthiDWh7ZZ9zT9TF8WEJf7MNE71,8kzFH4rgFzy4ccz97AhgqRT7Qbt7HnD5oJCDK1Sxdarb,0,915000,-3300000000,37437487.877292
FNjhEHDYshbNAU7Bge9bRgTgrk1T9dmFQtcPyGAVpump,Fushin,3wRsEkjgfhTaPBsZapFehyipk4upXwkQ3PYVW6DDBh74RQvZn9B6zSAb7HN7xNDpTbeLzJw97tig5hFXaAuTqVHH,435733740,2CHrnc2LyagAbMaMFgthiDWh7ZZ9zT9TF8WEJf7MNE71,2CHrnc2LyagAbMaMFgthiDWh7ZZ9zT9TF8WEJf7MNE71,1,915000,-3360137240,49384689.738662
FNjhEHDYshbNAU7Bge9bRgTgrk1T9dmFQtcPyGAVpump,Fushin,3xeqgUE5m8L5KqGMmnEaY1azgA8jxxi3fFT2jgG8hSJBAioB6e8voPTuWB4eD4t3d2VcjdAkEfyA4CtjyPg6zaKx,435733740,GfJA84gwT9LpeyzeckeXkCsf8vdQuA64ZYQ91xoBawvt,GfJA84gwT9LpeyzeckeXkCsf8vdQuA64ZYQ91xoBawvt,1,915000,-3210137240,32267625.284724
FNjhEHDYshbNAU7Bge9bRgTgrk1T9dmFQtcPyGAVpump,Fushin,3xeqgUE5m8L5KqGMmnEaY1azgA8jxxi3fFT2jgG8hSJBAioB6e8voPTuWB4eD4t3d2VcjdAkEfyA4CtjyPg6zaKx,435733740,GfJA84gwT9LpeyzeckeXkCsf8vdQuA64ZYQ91xoBawvt,5P8A9bGUhroskpuA4hhRbybgt37TcTz7ft5zLAh8orpn,0,915000,-3350000000,30201357.210052
FNjhEHDYshbNAU7Bge9bRgTgrk1T9dmFQtcPyGAVpump,Fushin,3xeqgUE5m8L5KqGMmnEaY1azgA8jxxi3fFT2jgG8hSJBAioB6e8voPTuWB4eD4t3d2VcjdAkEfyA4CtjyPg6zaKx,435733740,GfJA84gwT9LpeyzeckeXkCsf8vdQuA64ZYQ91xoBawvt,43x1zWzjVWJbQErWM78m3Acx83FFuGSQEhmgyxUrPdQs,0,915000,-3550000000,28626518.595085
FNjhEHDYshbNAU7Bge9bRgTgrk1T9dmFQtcPyGAVpump,Fushin,2eGB6hkfzqBu2Ft1Aq1urGF14SJHEswqsBHUBWruexNhkyWKFewM9ww23FV46x22YYvZ1SwExW4zihGkZJFyo6ao,435733808,2CHrnc2LyagAbMaMFgthiDWh7ZZ9zT9TF8WEJf7MNE71,2CHrnc2LyagAbMaMFgthiDWh7ZZ9zT9TF8WEJf7MNE71,1,405478,883094210,-4938468.973866
FNjhEHDYshbNAU7Bge9bRgTgrk1T9dmFQtcPyGAVpump,Fushin,4ntCyuV9kZq6YYvQCkLWja3hb1KiVRXQPjyoMun3zWS7yq4TfSfjimWSBxdY5ffagAxNHHG2gyk1w6kZR8cBvgEF,435733809,2CHrnc2LyagAbMaMFgthiDWh7ZZ9zT9TF8WEJf7MNE71,2CHrnc2LyagAbMaMFgthiDWh7ZZ9zT9TF8WEJf7MNE71,1,430844,843999573,-4938468.973866
FNjhEHDYshbNAU7Bge9bRgTgrk1T9dmFQtcPyGAVpump,Fushin,z9omNa7VgLJdesycPupXeVtpoySLGRFFKzNfyHzb9UjrXAK5gzZmZm9P25pNi9dc21wP3ChTC16ki7iNHuhXKiA,435733811,2CHrnc2LyagAbMaMFgthiDWh7ZZ9zT9TF8WEJf7MNE71,2CHrnc2LyagAbMaMFgthiDWh7ZZ9zT9TF8WEJf7MNE71,1,448383,656719372,-3950775.179093
FNjhEHDYshbNAU7Bge9bRgTgrk1T9dmFQtcPyGAVpump,Fushin,5UyusAiZYRkWgotuWEDwhpUw25zAq8BQ1hqQQt9pacTW3ox85Msk7vitvdrsqZNErx7NZrwtXBj3km4jEWpN3zAy,435733812,2CHrnc2LyagAbMaMFgthiDWh7ZZ9zT9TF8WEJf7MNE71,2CHrnc2LyagAbMaMFgthiDWh7ZZ9zT9TF8WEJf7MNE71,1,435280,581481787,-3555697.661183
FNjhEHDYshbNAU7Bge9bRgTgrk1T9dmFQtcPyGAVpump,Fushin,5AmWXLg4FG99dz6wtS1yrXV4XsrgLfcHqMAUNFGXtSB4ZLiDoFrh92rkPjYzFkTV3CNJZw4BjYZ4WcKZgdiFzgox,435733814,2CHrnc2LyagAbMaMFgthiDWh7ZZ9zT9TF8WEJf7MNE71,2CHrnc2LyagAbMaMFgthiDWh7ZZ9zT9TF8WEJf7MNE71,1,413629,514844027,-3200127.895065
FNjhEHDYshbNAU7Bge9bRgTgrk1T9dmFQtcPyGAVpump,Fushin,2pwmh4Tz8p2SjC4VJ7xojzf4uK5Ew2W8fcwuipy6zgsjyj2mNpnujVCHKvVdgxUy8Z1kFfSVQKv9RvEkLCNEkEQJ,435733816,2CHrnc2LyagAbMaMFgthiDWh7ZZ9zT9TF8WEJf7MNE71,2CHrnc2LyagAbMaMFgthiDWh7ZZ9zT9TF8WEJf7MNE71,1,410250,433929099,-2880115.105558
FNjhEHDYshbNAU7Bge9bRgTgrk1T9dmFQtcPyGAVpump,Fushin,2nV2rVo2QYwdyUYsnMwtYLKtJwkNH9URJyxsxuPa8bPTocXdULv5DCjRrQrRxs4KHfg3VMvXkBvar7zJjQKrausn,435733818,2CHrnc2LyagAbMaMFgthiDWh7ZZ9zT9TF8WEJf7MNE71,2CHrnc2LyagAbMaMFgthiDWh7ZZ9zT9TF8WEJf7MNE71,1,421050,552489365,-2880115.105558
FNjhEHDYshbNAU7Bge9bRgTgrk1T9dmFQtcPyGAVpump,Fushin,6wFQ9NP8ich83M4HmpiHzEJdFpbcdpbviJHhUeNRz2t5GMpij55akaqLeU4hbKervFKeYZh7c6J2FA3EaU2vH4T,435733819,2CHrnc2LyagAbMaMFgthiDWh7ZZ9zT9TF8WEJf7MNE71,2CHrnc2LyagAbMaMFgthiDWh7ZZ9zT9TF8WEJf7MNE71,1,398066,403775073,-2592103.595003
FNjhEHDYshbNAU7Bge9bRgTgrk1T9dmFQtcPyGAVpump,Fushin,4HervUc4qMZhmGrzzPuscwNJzQ2U6fjRRmbAcMRNnc3EhbCdEWcJfWMGRvqU9igzavCUHxEtxQR4yAPpTM5go7cg,435733821,2CHrnc2LyagAbMaMFgthiDWh7ZZ9zT9TF8WEJf7MNE71,2CHrnc2LyagAbMaMFgthiDWh7ZZ9zT9TF8WEJf7MNE71,1,428666,336999749,-2044881.724947
FNjhEHDYshbNAU7Bge9bRgTgrk1T9dmFQtcPyGAVpump,Fushin,4W5ckv5pHKzyrd4q9ftHiu2XXiQpCQaNLfuLdL4M3DTLb9Po5foSSit3SYT2ymPF5hfs6VQ7yRLj3oxR5SRDhfR2,435733823,2CHrnc2LyagAbMaMFgthiDWh7ZZ9zT9TF8WEJf7MNE71,2CHrnc2LyagAbMaMFgthiDWh7ZZ9zT9TF8WEJf7MNE71,1,424172,340988790,-2044881.724947
FNjhEHDYshbNAU7Bge9bRgTgrk1T9dmFQtcPyGAVpump,Fushin,45RqyTd8V13WvNfrMRpSK1tf3cTQneN6ANBdKW5mJEVBACevEzxGGs6Ks2Mb3EYjnwYJQrtdfgsXPkrbpGwp8oxK,435733824,2CHrnc2LyagAbMaMFgthiDWh7ZZ9zT9TF8WEJf7MNE71,2CHrnc2LyagAbMaMFgthiDWh7ZZ9zT9TF8WEJf7MNE71,1,433684,303938662,-1840393.552452
FNjhEHDYshbNAU7Bge9bRgTgrk1T9dmFQtcPyGAVpump,Fushin,23QtHUzYDvQZNAg4gvrvSVEW7j4EUSmMd2nWnA9pcPYdVqbX1bVmpHQpMw7SadoHh7T6BZ8R1VjHkBNiipCYBcis,435733825,2CHrnc2LyagAbMaMFgthiDWh7ZZ9zT9TF8WEJf7MNE71,2CHrnc2LyagAbMaMFgthiDWh7ZZ9zT9TF8WEJf7MNE71,1,414366,2234806278,-14518660.247124
FNjhEHDYshbNAU7Bge9bRgTgrk1T9dmFQtcPyGAVpump,Fushin,5JxianWStTW5j8fAYFywWwo5oR4Yv5smxE2vZzsQ81z2mVXy3taJxCqTGoNtcVZtU8fmyQVXc81LX2Qp9j1kKpVL,435733830,Atgx1JXsp8pTQ9Qsi74wF5pLMVwHwyQc6jJCu84evN7c,Atgx1JXsp8pTQ9Qsi74wF5pLMVwHwyQc6jJCu84evN7c,1,410250,752735796,-4182664.43431
FNjhEHDYshbNAU7Bge9bRgTgrk1T9dmFQtcPyGAVpump,Fushin,5VUPzvF1DfBdwjmDfKu3S8HtgBaMV2Fa88ZkUJzDXQVtwYqJErrXtKaptJHFiQcSiMUWHsuZJyhvY9RAnuBTCgZm,435733832,Atgx1JXsp8pTQ9Qsi74wF5pLMVwHwyQc6jJCu84evN7c,Atgx1JXsp8pTQ9Qsi74wF5pLMVwHwyQc6jJCu84evN7c,1,431128,689600169,-3764397.990879
FNjhEHDYshbNAU7Bge9bRgTgrk1T9dmFQtcPyGAVpump,Fushin,3Tu5K5nxpXRg3P2FmkMLQ7z5DEecTvD13x9rG7Qsy8Ttbh76aTUXiXJhwvE6Vk8L8LQ7zUwzze1HVTJgwx5Y77Jr,435733834,Atgx1JXsp8pTQ9Qsi74wF5pLMVwHwyQc6jJCu84evN7c,Atgx1JXsp8pTQ9Qsi74wF5pLMVwHwyQc6jJCu84evN7c,1,443741,613903756,-3387958.191791
FNjhEHDYshbNAU7Bge9bRgTgrk1T9dmFQtcPyGAVpump,Fushin,2PR2o5NnT61L8uKUAGVeQxX81g3QVZtYZVsbWUhcqXz5TjfdLBFnxWR9ewbAzPGLUGBySLkdWkjvi1c4vWGfmCPa,435733835,Atgx1JXsp8pTQ9Qsi74wF5pLMVwHwyQc6jJCu84evN7c,Atgx1JXsp8pTQ9Qsi74wF5pLMVwHwyQc6jJCu84evN7c,1,430853,606802304,-3387958.191791
FNjhEHDYshbNAU7Bge9bRgTgrk1T9dmFQtcPyGAVpump,Fushin,28SaVaDG78KiqcTr7FK32tdSN4fvSVeXG7AC8CnLM45yXQnrmW3f9R7ZxmUpUcHQb1aQNGfedkGLpCb8bV5n9uvm,435733837,Atgx1JXsp8pTQ9Qsi74wF5pLMVwHwyQc6jJCu84evN7c,Atgx1JXsp8pTQ9Qsi74wF5pLMVwHwyQc6jJCu84evN7c,1,426610,575530453,-3049162.372612
FNjhEHDYshbNAU7Bge9bRgTgrk1T9dmFQtcPyGAVpump,Fushin,h5ocXaEwugBuBNsxmi9o2P4oT9sJi4wG2XYqFStPcBN8ehpbwAHBayFTiEj42JdcAjRGvfxJ6CPZZLnUM1UF7yb,435733838,Atgx1JXsp8pTQ9Qsi74wF5pLMVwHwyQc6jJCu84evN7c,Atgx1JXsp8pTQ9Qsi74wF5pLMVwHwyQc6jJCu84evN7c,1,437754,500059901,-2710366.553433
FNjhEHDYshbNAU7Bge9bRgTgrk1T9dmFQtcPyGAVpump,Fushin,2Jy6VxGp9Ae4rKFHtqnMgZrjPSdh4QTnjUvQVo4f87dvUka34jJrchKWtKLsC8KGtQiKrmcFBbc4sjbfB9A9jmEq,435733840,Atgx1JXsp8pTQ9Qsi74wF5pLMVwHwyQc6jJCu84evN7c,Atgx1JXsp8pTQ9Qsi74wF5pLMVwHwyQc6jJCu84evN7c,1,479704,433008710,-2405450.316172
FNjhEHDYshbNAU7Bge9bRgTgrk1T9dmFQtcPyGAVpump,Fushin,3h8LKuMVaYPg4QeNZowqLaQV3fRKssUguurn9KiEPVZY3mXdsen9ToCswPbVPVTGnNEB19jA5qdfuHckL66PXmXX,435733840,Atgx1JXsp8pTQ9Qsi74wF5pLMVwHwyQc6jJCu84evN7c,Atgx1JXsp8pTQ9Qsi74wF5pLMVwHwyQc6jJCu84evN7c,1,459288,379825612,-2134413.660829
FNjhEHDYshbNAU7Bge9bRgTgrk1T9dmFQtcPyGAVpump,Fushin,4NBognok78kG8Evsmcunr2HEpSWQ57ME5bSczboy7p1Fx4yzjKnX911DZKVUsppk8AE9DARuS9kyqDRU7LZkT8aN,435733842,Atgx1JXsp8pTQ9Qsi74wF5pLMVwHwyQc6jJCu84evN7c,Atgx1JXsp8pTQ9Qsi74wF5pLMVwHwyQc6jJCu84evN7c,1,497169,295894404,-1680427.263129
FNjhEHDYshbNAU7Bge9bRgTgrk1T9dmFQtcPyGAVpump,Fushin,2WF3socSkgoQKhSreA2USYYCBDJASJocK2YCdzFB2AvZrWhnayqoMsJxzYhDReJ8yjzunJB1nrjkJLrnv8rAT2nk,435733844,Atgx1JXsp8pTQ9Qsi74wF5pLMVwHwyQc6jJCu84evN7c,Atgx1JXsp8pTQ9Qsi74wF5pLMVwHwyQc6jJCu84evN7c,1,478585,2693392207,-15123845.368161
FNjhEHDYshbNAU7Bge9bRgTgrk1T9dmFQtcPyGAVpump,Fushin,5KZTfdp1nUBZqWcgz8UJ8rtB7FSrJtDU2P2cnPGsw6Eg21aLbkMMohazmW6PZ8Kd2pi9RFR9oWTG723puqx2uUMc,435733849,8kzFH4rgFzy4ccz97AhgqRT7Qbt7HnD5oJCDK1Sxdarb,8kzFH4rgFzy4ccz97AhgqRT7Qbt7HnD5oJCDK1Sxdarb,1,481483,659739651,-3743748.787729
FNjhEHDYshbNAU7Bge9bRgTgrk1T9dmFQtcPyGAVpump,Fushin,4JLc81QYfjmc6PPk3RtbWQRXk4eVguEszofyAReoGPpfXgKUjvR66kByJNiLv3PsMtQvAcZhSocGvzWF97reheKG,435733850,8kzFH4rgFzy4ccz97AhgqRT7Qbt7HnD5oJCDK1Sxdarb,8kzFH4rgFzy4ccz97AhgqRT7Qbt7HnD5oJCDK1Sxdarb,1,482500,672033751,-3743748.787729
FNjhEHDYshbNAU7Bge9bRgTgrk1T9dmFQtcPyGAVpump,Fushin,3RCyWuXGWf4UY3zhR27Mkn6yihTrmqcbbMvE8e6PcCqvkEPQE9EwB2kCAFioAKt22pRnaC4AFcs924dDEcv3m4rZ,435733852,8kzFH4rgFzy4ccz97AhgqRT7Qbt7HnD5oJCDK1Sxdarb,8kzFH4rgFzy4ccz97AhgqRT7Qbt7HnD5oJCDK1Sxdarb,1,468750,1480826871,-8423434.77239
FNjhEHDYshbNAU7Bge9bRgTgrk1T9dmFQtcPyGAVpump,Fushin,4dsZgMq77UZQvDUwGuc2PDYUiBTqCW7DzViSqSkRazCdvFMxcJqy7634FEuzmkWsq1U8sqg8XeaPM15r9H2Kk3wJ,435733854,8kzFH4rgFzy4ccz97AhgqRT7Qbt7HnD5oJCDK1Sxdarb,8kzFH4rgFzy4ccz97AhgqRT7Qbt7HnD5oJCDK1Sxdarb,1,482500,915115348,-5381638.882361
FNjhEHDYshbNAU7Bge9bRgTgrk1T9dmFQtcPyGAVpump,Fushin,4FqsyygPxcUuBruf7K2bZRyiEq5zwJgrVNrKE1PSL4BquZScb1xFFs2dAvNzmJrJH5SwBgaGUqLshojxrmmRKyuK,435733856,8kzFH4rgFzy4ccz97AhgqRT7Qbt7HnD5oJCDK1Sxdarb,8kzFH4rgFzy4ccz97AhgqRT7Qbt7HnD5oJCDK1Sxdarb,1,501948,2652974426,-16144916.647083
FNjhEHDYshbNAU7Bge9bRgTgrk1T9dmFQtcPyGAVpump,Fushin,3oJyohAHSKGEe7XxZiyYs8FGAy19KaSxL8GhCiRn34t57c3SPpA8JF3HMuxkakqD5bkQWF6bRfdtmufhVjvKktL,435733862,5P8A9bGUhroskpuA4hhRbybgt37TcTz7ft5zLAh8orpn,5P8A9bGUhroskpuA4hhRbybgt37TcTz7ft5zLAh8orpn,1,471923,508300685,-3020135.721005
FNjhEHDYshbNAU7Bge9bRgTgrk1T9dmFQtcPyGAVpump,Fushin,ZREmph5F1mwkkTVwHBDgeTEfXyLV9FNLZPSJiMhmyPncwcBaaYSQxGKvpuguGtfL1pfAr83JmtGHmdZ3Uz16CiB,435733863,5P8A9bGUhroskpuA4hhRbybgt37TcTz7ft5zLAh8orpn,5P8A9bGUhroskpuA4hhRbybgt37TcTz7ft5zLAh8orpn,1,480000,1240166979,-7550339.302513
FNjhEHDYshbNAU7Bge9bRgTgrk1T9dmFQtcPyGAVpump,Fushin,2q5mG8jisN6CLgqRdX8H8JV9z1hJrFZ3oTaPmbsdVrSa3RaqMgY2utS4wwNzvZdJSVReDcvKsdRCA8FEUgM4m6Vo,435733865,5P8A9bGUhroskpuA4hhRbybgt37TcTz7ft5zLAh8orpn,5P8A9bGUhroskpuA4hhRbybgt37TcTz7ft5zLAh8orpn,1,469688,1607065814,-9815441.093267
FNjhEHDYshbNAU7Bge9bRgTgrk1T9dmFQtcPyGAVpump,Fushin,4mGkXXkGMEz4Jmtf7yQENzWzBYDo1B98eqLRHcFpfgKbguoUVpbVdRzxEmY3UnaLf2jf6rPfp54WNCQmXvSWzoc6,435733867,5P8A9bGUhroskpuA4hhRbybgt37TcTz7ft5zLAh8orpn,5P8A9bGUhroskpuA4hhRbybgt37TcTz7ft5zLAh8orpn,1,480000,1584418699,-9815441.093267
FNjhEHDYshbNAU7Bge9bRgTgrk1T9dmFQtcPyGAVpump,Fushin,3YtqcfWaq3A14rHQSMpRy775Ewh4YKrb6Z7AkkD99sj5DwrQKS9qFw4MrKcgKKCgmxdBtM6xzgMTJzeSAhBDMbjU,435733872,GfJA84gwT9LpeyzeckeXkCsf8vdQuA64ZYQ91xoBawvt,GfJA84gwT9LpeyzeckeXkCsf8vdQuA64ZYQ91xoBawvt,1,497906,555635124,-3226762.528472
FNjhEHDYshbNAU7Bge9bRgTgrk1T9dmFQtcPyGAVpump,Fushin,5n6dPWA2f1W6BpvcPPqECnrMDdX7Usb3YBDJ1AmDMwb3jfRN33GUp1J1FSYLSeSfRbKxdzVVFDcY9A7fJ9nNwm7P,435733873,GfJA84gwT9LpeyzeckeXkCsf8vdQuA64ZYQ91xoBawvt,GfJA84gwT9LpeyzeckeXkCsf8vdQuA64ZYQ91xoBawvt,1,499001,1358431102,-8066906.321181
FNjhEHDYshbNAU7Bge9bRgTgrk1T9dmFQtcPyGAVpump,Fushin,4Lh5sUs4oG9ghcmV9atW3kJydNG7hZrdD3VK4twp8i7gavDYKi9WLUG8PBHC2QSK7Lu4RSrBQ2UvzG3DJYt7dyzT,435733876,GfJA84gwT9LpeyzeckeXkCsf8vdQuA64ZYQ91xoBawvt,GfJA84gwT9LpeyzeckeXkCsf8vdQuA64ZYQ91xoBawvt,1,493698,2145629290,-10486978.217535
FNjhEHDYshbNAU7Bge9bRgTgrk1T9dmFQtcPyGAVpump,Fushin,TUQiRvdkGHa8NByHyhGeJVhbvZ9KdsxrZ1jeHAAwnaVgEj7uPUVpGQFMfAyN4b4X6YtPZ9rKt7e71aX6rXCV8sn,435733878,GfJA84gwT9LpeyzeckeXkCsf8vdQuA64ZYQ91xoBawvt,GfJA84gwT9LpeyzeckeXkCsf8vdQuA64ZYQ91xoBawvt,1,493796,2022513597,-10486978.217536
FNjhEHDYshbNAU7Bge9bRgTgrk1T9dmFQtcPyGAVpump,Fushin,4EMqZnuDjuZesRoRBUiLhqYTHUozTRbU3PFmYPhMwexDLkxNVKABEVfixJFLbxe4TggpUr4r6EJa4BUa7BgJDJ4m,435733884,43x1zWzjVWJbQErWM78m3Acx83FFuGSQEhmgyxUrPdQs,43x1zWzjVWJbQErWM78m3Acx83FFuGSQEhmgyxUrPdQs,1,495667,626940431,-2862651.859508
FNjhEHDYshbNAU7Bge9bRgTgrk1T9dmFQtcPyGAVpump,Fushin,2UpWVzBJWKg1HFNRGaz1H3FzWBzfB6TFuCej8v2ktjyuDJEk5aeXUkJwWo9oya437QRmfhSQFzY1XQ21JJhDxfop,435733886,43x1zWzjVWJbQErWM78m3Acx83FFuGSQEhmgyxUrPdQs,43x1zWzjVWJbQErWM78m3Acx83FFuGSQEhmgyxUrPdQs,1,505000,556624919,-2576386.673557
FNjhEHDYshbNAU7Bge9bRgTgrk1T9dmFQtcPyGAVpump,Fushin,5Qsi2KpKzGfAEctKwXUAgEnFGgXu28AuK5N6G7N5YQzioxtMfsPmJNtZoq98Z7v3Kh1jYJfndFF5HJqir5UmhMuG,435733888,43x1zWzjVWJbQErWM78m3Acx83FFuGSQEhmgyxUrPdQs,43x1zWzjVWJbQErWM78m3Acx83FFuGSQEhmgyxUrPdQs,1,491842,542853259,-2576386.673557
FNjhEHDYshbNAU7Bge9bRgTgrk1T9dmFQtcPyGAVpump,Fushin,4ZXC93tU57gsdzf7zZeC4nu3jnpMZsrhUoBFhq4hn7Vc3b5iWbepb54TsjPrHa95Fj1LVvYqTRmuVP2iS8dtRezx,435733889,43x1zWzjVWJbQErWM78m3Acx83FFuGSQEhmgyxUrPdQs,43x1zWzjVWJbQErWM78m3Acx83FFuGSQEhmgyxUrPdQs,1,486907,1206211192,-5796870.015505
FNjhEHDYshbNAU7Bge9bRgTgrk1T9dmFQtcPyGAVpump,Fushin,4VXNbTpL1GtXDzCjXKZmZGZuqxYzNjvmtXHGWrjrPpymwqtnKRrmW1nDmftmeM1fck4KKr4atASQa2ocUb2fSNKU,435733891,43x1zWzjVWJbQErWM78m3Acx83FFuGSQEhmgyxUrPdQs,43x1zWzjVWJbQErWM78m3Acx83FFuGSQEhmgyxUrPdQs,1,486907,1490722914,-7407111.686479
FNjhEHDYshbNAU7Bge9bRgTgrk1T9dmFQtcPyGAVpump,Fushin,2TdByXpZqVMLioxMySmZyfbBvNQGbacyCJPNRzisAjGRm9VbNrMAZ6Voide5pdC939JX3wDuiqo7wtsAVDgPx5U1,435733892,43x1zWzjVWJbQErWM78m3Acx83FFuGSQEhmgyxUrPdQs,43x1zWzjVWJbQErWM78m3Acx83FFuGSQEhmgyxUrPdQs,1,500192,1445815676,-7407111.686479
GFG5ZFMoeVrc3fapj5iu6mTyRixoN1wgab3NCjwCpump,Baby,3JKtSQ9rcTPayiT6Vqd9r8s8gH2BWAn4nbG4gW4v9Aeta2Foez8sUihty8VDD7BEyTvHVu4YVmUkZgTtTPWLLfbv,435583144,2CHrnc2LyagAbMaMFgthiDWh7ZZ9zT9TF8WEJf7MNE71,Atgx1JXsp8pTQ9Qsi74wF5pLMVwHwyQc6jJCu84evN7c,0,915000,-3250000000,41826644.343107
GFG5ZFMoeVrc3fapj5iu6mTyRixoN1wgab3NCjwCpump,Baby,3JKtSQ9rcTPayiT6Vqd9r8s8gH2BWAn4nbG4gW4v9Aeta2Foez8sUihty8VDD7BEyTvHVu4YVmUkZgTtTPWLLfbv,435583144,2CHrnc2LyagAbMaMFgthiDWh7ZZ9zT9TF8WEJf7MNE71,8kzFH4rgFzy4ccz97AhgqRT7Qbt7HnD5oJCDK1Sxdarb,0,915000,-3500000000,39563275.820493
GFG5ZFMoeVrc3fapj5iu6mTyRixoN1wgab3NCjwCpump,Baby,3JKtSQ9rcTPayiT6Vqd9r8s8gH2BWAn4nbG4gW4v9Aeta2Foez8sUihty8VDD7BEyTvHVu4YVmUkZgTtTPWLLfbv,435583144,2CHrnc2LyagAbMaMFgthiDWh7ZZ9zT9TF8WEJf7MNE71,2CHrnc2LyagAbMaMFgthiDWh7ZZ9zT9TF8WEJf7MNE71,1,915000,-3360137240,49384689.738662
GFG5ZFMoeVrc3fapj5iu6mTyRixoN1wgab3NCjwCpump,Baby,52i1KaEKaoHgmdACF1vHuB51tRxn9DKtGHWUvPDdnpLsJ88FW4KjmmXPqKRQVDLU5VivuwxUs43e6zUAD9SYjeWe,435583144,43x1zWzjVWJbQErWM78m3Acx83FFuGSQEhmgyxUrPdQs,GfJA84gwT9LpeyzeckeXkCsf8vdQuA64ZYQ91xoBawvt,0,915000,-2950000000,23559592.343516
GFG5ZFMoeVrc3fapj5iu6mTyRixoN1wgab3NCjwCpump,Baby,52i1KaEKaoHgmdACF1vHuB51tRxn9DKtGHWUvPDdnpLsJ88FW4KjmmXPqKRQVDLU5VivuwxUs43e6zUAD9SYjeWe,435583144,43x1zWzjVWJbQErWM78m3Acx83FFuGSQEhmgyxUrPdQs,5P8A9bGUhroskpuA4hhRbybgt37TcTz7ft5zLAh8orpn,0,915000,-3650000000,32423335.048362
GFG5ZFMoeVrc3fapj5iu6mTyRixoN1wgab3NCjwCpump,Baby,52i1KaEKaoHgmdACF1vHuB51tRxn9DKtGHWUvPDdnpLsJ88FW4KjmmXPqKRQVDLU5VivuwxUs43e6zUAD9SYjeWe,435583144,43x1zWzjVWJbQErWM78m3Acx83FFuGSQEhmgyxUrPdQs,43x1zWzjVWJbQErWM78m3Acx83FFuGSQEhmgyxUrPdQs,1,915000,-3310137240,32986785.747216
GFG5ZFMoeVrc3fapj5iu6mTyRixoN1wgab3NCjwCpump,Baby,25fnmxkvQFdzGWPiGD6qdeRjimWu4Ktb5JWAEyWdxtzdbhTTbv6uCGRmyr4aXq44Wfi7VoZ9PiuNL4W6or73r3ur,435583144,2CQgjcdNEo7WtbQLpJTAVcC3Ga61pNvRDTgP5grzctFG,2CQgjcdNEo7WtbQLpJTAVcC3Ga61pNvRDTgP5grzctFG,1,5000,-4671612602,30448634.92938
GFG5ZFMoeVrc3fapj5iu6mTyRixoN1wgab3NCjwCpump,Baby,5ZBcn9kFRtbwRtjhMoFE9CaJtiPeFYVwcmneb8YoZ7hUfGRU3oKsoxexWvcQxdAQgUeGqNUEodhmdinakjUEVrK1,435583144,4Bf9D68XCsqVUQf7akzfEFJSYbpRBrSnwV8Qr8DkCXzn,4Bf9D68XCsqVUQf7akzfEFJSYbpRBrSnwV8Qr8DkCXzn,1,130005000,-3134165353,19335498.178888
GFG5ZFMoeVrc3fapj5iu6mTyRixoN1wgab3NCjwCpump,Baby,56Gj3CwfpcnQnQn2vWL36UCg5dQ2W1DPjjww7pAafc3RKQAYS6C8Y3yEyvBPVNeKj4yzmP1RSmUJePeK6ty4MAF6,435583144,GDQeTnqkyeLyRSjWaeFY5HsxaWoQmmXFc1N6wyuuHiQD,GDQeTnqkyeLyRSjWaeFY5HsxaWoQmmXFc1N6wyuuHiQD,1,122005000,-4127362600,23425574.364635
GFG5ZFMoeVrc3fapj5iu6mTyRixoN1wgab3NCjwCpump,Baby,1s2KFqUnNSQf8aNobD41rcrMYvcXNmvbn6xwcZgHz7LZQVyVLMGP4iMhgYXFJdXHWLbDfeXbYLMpkqamo2VFhiD,435583144,6pbcJvmMeDoXHM6nBZgBs6U5BDhvCVqv8or1U2Dk6zPG,6pbcJvmMeDoXHM6nBZgBs6U5BDhvCVqv8or1U2Dk6zPG,1,20005000,-92165372,277353.335799
GFG5ZFMoeVrc3fapj5iu6mTyRixoN1wgab3NCjwCpump,Baby,5Yr597ZVEBzy8ZXZ7NHyCKmkAKRFfs3CHb7nkCsauRT4SivnGiovHpdZMFdAQ75SFzZVMVuCVYvf3N8hckmfHMaP,435583144,5yZx1tJramkVgxh49u89PahACux6oWVfspVdBiYMJPMx,5yZx1tJramkVgxh49u89PahACux6oWVfspVdBiYMJPMx,1,1007208,-355168569,1931391.442586
GFG5ZFMoeVrc3fapj5iu6mTyRixoN1wgab3NCjwCpump,Baby,4qtoxFD1JJj6C76XougugdXJ6Zq1hRyHRD2XMCZ5WrNkgr8RYbiqFYA3GV7D4GPf8HuQ1oHMAKg3ccGzGuNvsURJ,435583144,Anubis512ho5t7S6LNSwoxUWdeQmX2kf3RvZ8ApHHF5w,Anubis512ho5t7S6LNSwoxUWdeQmX2kf3RvZ8ApHHF5w,1,105000,-2243357686,11957022.948569
GFG5ZFMoeVrc3fapj5iu6mTyRixoN1wgab3NCjwCpump,Baby,22NdvLUVCdVQg7PaMf3Y8JV997gNvm3ZoPtPW4NVU8zEsRd7ZH3FPQ5MmV3yitAovQ6map1yBrnkgyrEjqoDYNpR,435583144,4Bf9D68XCsqVUQf7akzfEFJSYbpRBrSnwV8Qr8DkCXzn,4Bf9D68XCsqVUQf7akzfEFJSYbpRBrSnwV8Qr8DkCXzn,1,13000,1169475410,-6380714.399033
GFG5ZFMoeVrc3fapj5iu6mTyRixoN1wgab3NCjwCpump,Baby,5haGUiYh5Fna3NB5QvijDufGCscW2WruDDFgLNDKdxG8wHmbyp16oKUeg3gFPNQ5w41HPLJVAYi8VcuMvSxRq6d7,435583144,GDQeTnqkyeLyRSjWaeFY5HsxaWoQmmXFc1N6wyuuHiQD,GDQeTnqkyeLyRSjWaeFY5HsxaWoQmmXFc1N6wyuuHiQD,1,15000,2055250580,-11712787.182317
GFG5ZFMoeVrc3fapj5iu6mTyRixoN1wgab3NCjwCpump,Baby,48qAMysP5eBy8DptFfc7TUUUnsYcE7MhYSdHdtjC7s6wiR55m84Zzv7mPUbY49h1np8kDVfGwmSGLdcg5PL3Cpn6,435583144,AfPWFykWPZZxU2CyF6BcPoY2v8VEkmYS7ZggvELK7Pv1,AfPWFykWPZZxU2CyF6BcPoY2v8VEkmYS7ZggvELK7Pv1,1,4005000,-1506044280,8316217.097665
GFG5ZFMoeVrc3fapj5iu6mTyRixoN1wgab3NCjwCpump,Baby,X1GdcEbcm8XaHFB6xGQ8H6PdcdSRWLD8qCjWZ8vupMWpoAi7aJEekXv65HGLxo8epyvGXe4wiEFyjn6y77UrgNw,435583144,2CQgjcdNEo7WtbQLpJTAVcC3Ga61pNvRDTgP5grzctFG,2CQgjcdNEo7WtbQLpJTAVcC3Ga61pNvRDTgP5grzctFG,1,5000,1864377376,-10657022.225255
GFG5ZFMoeVrc3fapj5iu6mTyRixoN1wgab3NCjwCpump,Baby,5oJ4LWwNYZMfAcdkv55frNRf3r6oVCd3xMykZEdhV28o29wHCb9uei1qPFVWo55ercKTCL3dPjrhgbrx9K6J2ht7,435583146,6pbcJvmMeDoXHM6nBZgBs6U5BDhvCVqv8or1U2Dk6zPG,6pbcJvmMeDoXHM6nBZgBs6U5BDhvCVqv8or1U2Dk6zPG,1,15000,10958847,-55470.667159
GFG5ZFMoeVrc3fapj5iu6mTyRixoN1wgab3NCjwCpump,Baby,54QPf7zLkQ33Eq7ucvix6bqZ3bKrHAAzBsVp6U8bCSKtfYk1vFQv1TY5dGTXBk99yac3SVvjQb8nEzpb8V4ZnX2k,435583146,4Bf9D68XCsqVUQf7akzfEFJSYbpRBrSnwV8Qr8DkCXzn,4Bf9D68XCsqVUQf7akzfEFJSYbpRBrSnwV8Qr8DkCXzn,1,105000,1374480104,-6477391.889927
GFG5ZFMoeVrc3fapj5iu6mTyRixoN1wgab3NCjwCpump,Baby,355Lu2Bxyw7B4cKN6bw6iGW5aPWAsF6TQ9BBeJxsG49mjVKeifyPss9aJmoAbAU1QbDRLyABe7mVVHVk6gTMwXCc,435583147,GDQeTnqkyeLyRSjWaeFY5HsxaWoQmmXFc1N6wyuuHiQD,GDQeTnqkyeLyRSjWaeFY5HsxaWoQmmXFc1N6wyuuHiQD,1,5000,2373705339,-11712787.182318
GFG5ZFMoeVrc3fapj5iu6mTyRixoN1wgab3NCjwCpump,Baby,3sbej8Tk4iMxvrPx1RVyXbphuPSHgKo25JEfNaGtgzDcD8UuxdMX4eEL2qSELjKxT7z5noE2YZB2evDhK6qLj8Tk,435583147,5yZx1tJramkVgxh49u89PahACux6oWVfspVdBiYMJPMx,5yZx1tJramkVgxh49u89PahACux6oWVfspVdBiYMJPMx,1,107103,429262627,-1931391.442586
GFG5ZFMoeVrc3fapj5iu6mTyRixoN1wgab3NCjwCpump,Baby,39yEVNZG1WtFgsHBzzHqopMJRHmh329TQpnuzf8ahVHVfHvXDJBUHeWoinFpzkMp7pPtEyHJSz3YkubmTEDKQzLy,435583148,Anubis512ho5t7S6LNSwoxUWdeQmX2kf3RvZ8ApHHF5w,Anubis512ho5t7S6LNSwoxUWdeQmX2kf3RvZ8ApHHF5w,1,105000,2563089058,-11957022.948569
GFG5ZFMoeVrc3fapj5iu6mTyRixoN1wgab3NCjwCpump,Baby,3GMqsJyq6PJMJPgbLjXdBXdmi4xoV1ypWiaNgG196thmnUiF4Vkxobhi9rqvKex5bHy6TzSB4aPSmYKVFzUdiAJV,435583149,4Bf9D68XCsqVUQf7akzfEFJSYbpRBrSnwV8Qr8DkCXzn,4Bf9D68XCsqVUQf7akzfEFJSYbpRBrSnwV8Qr8DkCXzn,1,105000,1313460274,-6477391.889928
GFG5ZFMoeVrc3fapj5iu6mTyRixoN1wgab3NCjwCpump,Baby,VipWMuvx7CB1MzYZwphStS9spDvRJfJqu3PFtSZNGGAhn5ugmTKapaNViXb7DMEbDk2tuWBbcDBXt1gCieLipkv,435583149,AfPWFykWPZZxU2CyF6BcPoY2v8VEkmYS7ZggvELK7Pv1,AfPWFykWPZZxU2CyF6BcPoY2v8VEkmYS7ZggvELK7Pv1,1,105000,1641210242,-8316217.097665
GFG5ZFMoeVrc3fapj5iu6mTyRixoN1wgab3NCjwCpump,Baby,4kiM3CpWfsgNdsGgPp5LQwFLfW7XzSBATHcK6BRMfQG3D7UjbWT9E65bx9vcvCjfaGkFvHF6pyWxxRUNfuEZTeGy,435583155,2CQgjcdNEo7WtbQLpJTAVcC3Ga61pNvRDTgP5grzctFG,2CQgjcdNEo7WtbQLpJTAVcC3Ga61pNvRDTgP5grzctFG,1,5000,1533122353,-9134590.47879
GFG5ZFMoeVrc3fapj5iu6mTyRixoN1wgab3NCjwCpump,Baby,UeRCgfLSmz6FEeGGGDneWjmPCk9eJ5K3keMEcRmeXtVkNvbyJUZQ6bfT9QRahCwXr4WLuLkGoAqh6DMCZsLe4uT,435583156,6pbcJvmMeDoXHM6nBZgBs6U5BDhvCVqv8or1U2Dk6zPG,6pbcJvmMeDoXHM6nBZgBs6U5BDhvCVqv8or1U2Dk6zPG,1,15000,33201634,-221882.66864
GFG5ZFMoeVrc3fapj5iu6mTyRixoN1wgab3NCjwCpump,Baby,ZGEqSCUy6LoXznvx1WKQcx51seovivkCtbfKLBV3tJkN8UjAKRpCWtrv4tvAriebBxyD6DSU7uCSAGN2mN7ze5C,435583159,AfPWFykWPZZxU2CyF6BcPoY2v8VEkmYS7ZggvELK7Pv1,AfPWFykWPZZxU2CyF6BcPoY2v8VEkmYS7ZggvELK7Pv1,1,5000,-502044280,4106041.114772
GFG5ZFMoeVrc3fapj5iu6mTyRixoN1wgab3NCjwCpump,Baby,4R3D5Qdkc9MEAow86KyhEze4nJNrDR7uLNALqo9JcQfBVWkM2iLNYgv3qyexqTFfyAVxuLtfmLPjoyc8JSMiMwCA,435583159,2CQgjcdNEo7WtbQLpJTAVcC3Ga61pNvRDTgP5grzctFG,2CQgjcdNEo7WtbQLpJTAVcC3Ga61pNvRDTgP5grzctFG,1,5000,1074353134,-9134590.47879
GFG5ZFMoeVrc3fapj5iu6mTyRixoN1wgab3NCjwCpump,Baby,2ophJkAoWGmMXLLsWCU7SaqeZ8VRxFcG713EP2WWgmLZt7KzLugaFoPJJwZRhm5BNPHCKs4FTJrLaRYLmVZwyUU5,435583162,AfPWFykWPZZxU2CyF6BcPoY2v8VEkmYS7ZggvELK7Pv1,AfPWFykWPZZxU2CyF6BcPoY2v8VEkmYS7ZggvELK7Pv1,1,25000,480036678,-4106041.114772
GFG5ZFMoeVrc3fapj5iu6mTyRixoN1wgab3NCjwCpump,Baby,5ewVyLXaC9FddTXmVm3XocYRw9QVwB8sV72uXWowm7nh6mwfp1oNgVfLy3MXZFnpAerU6AnsLgu2vb23HZVn1Js5,435583164,2CQgjcdNEo7WtbQLpJTAVcC3Ga61pNvRDTgP5grzctFG,2CQgjcdNEo7WtbQLpJTAVcC3Ga61pNvRDTgP5grzctFG,1,5000,190782167,-1522431.746545
GFG5ZFMoeVrc3fapj5iu6mTyRixoN1wgab3NCjwCpump,Baby,4Knm4L9BgpEL3uFiVNMgGpUxBYb9ozfmucyprivGanBqxWHK9qpyBMmjByWRp4iUZ7mQxu5qDc8u8Bh7ab794mzs,435583202,2CHrnc2LyagAbMaMFgthiDWh7ZZ9zT9TF8WEJf7MNE71,2CHrnc2LyagAbMaMFgthiDWh7ZZ9zT9TF8WEJf7MNE71,1,322500,559640097,-4938468.973866
GFG5ZFMoeVrc3fapj5iu6mTyRixoN1wgab3NCjwCpump,Baby,65Hp9CDHGh79SY4FN8p7Dw1SLxmqn85w1KmwBgJ6Gpp6cvGN1ebjFCt9FJDT4DjHvPTnGqoMVhyvZZuwZqfy1NkK,435583203,2CHrnc2LyagAbMaMFgthiDWh7ZZ9zT9TF8WEJf7MNE71,2CHrnc2LyagAbMaMFgthiDWh7ZZ9zT9TF8WEJf7MNE71,1,322500,549241025,-4938468.973866
GFG5ZFMoeVrc3fapj5iu6mTyRixoN1wgab3NCjwCpump,Baby,5KVtpY82GPV7R2CUz5mGKKegaR3vQUVoVu5gbsk7Tx2ayFR4RvAiPLV9LKDZhuAwaJbjsLLWcr9NCH4o8tTNd937,435583204,2CHrnc2LyagAbMaMFgthiDWh7ZZ9zT9TF8WEJf7MNE71,2CHrnc2LyagAbMaMFgthiDWh7ZZ9zT9TF8WEJf7MNE71,1,322500,513001024,-4444622.076479
GFG5ZFMoeVrc3fapj5iu6mTyRixoN1wgab3NCjwCpump,Baby,4RAsPPuJah5MDPZWdbByVBYzJHxMhbkrByA43DVfC8M4onak6oJYUGcjr6xM4vLqTwTVBkVqx1nQhYeD94uLXQ45,435583205,2CHrnc2LyagAbMaMFgthiDWh7ZZ9zT9TF8WEJf7MNE71,2CHrnc2LyagAbMaMFgthiDWh7ZZ9zT9TF8WEJf7MNE71,1,322500,448111026,-3950775.179093
GFG5ZFMoeVrc3fapj5iu6mTyRixoN1wgab3NCjwCpump,Baby,61QpHRzSTEB7SzMe4uhWPWMaLQFpAKiGXhgiJmQtd3TzkmkBFh4GkZrGb6SoMVDLLZmnrnPPBqQnGdSqNc8TMGaG,435583206,2CHrnc2LyagAbMaMFgthiDWh7ZZ9zT9TF8WEJf7MNE71,2CHrnc2LyagAbMaMFgthiDWh7ZZ9zT9TF8WEJf7MNE71,1,312000,397330060,-3506312.971445
GFG5ZFMoeVrc3fapj5iu6mTyRixoN1wgab3NCjwCpump,Baby,9npaECtuue5DwSDXL2UNpNVoNjaFEPR7qGqJDpVJedbS5TwVuFRUaqHFVVn4KfgHd9kvP3K1WzxvcZvFZ5dkpNx,435583207,2CHrnc2LyagAbMaMFgthiDWh7ZZ9zT9TF8WEJf7MNE71,2CHrnc2LyagAbMaMFgthiDWh7ZZ9zT9TF8WEJf7MNE71,1,324538,348980321,-3111235.453535
GFG5ZFMoeVrc3fapj5iu6mTyRixoN1wgab3NCjwCpump,Baby,4HeE7N7VZfbn3juF2sWfAJgHZNucdxc5TznLgngWDziweksbRAj71QvKDwkbQuTv87UBeiUFmXi1qe4a78hzBGA3,435583208,2CHrnc2LyagAbMaMFgthiDWh7ZZ9zT9TF8WEJf7MNE71,2CHrnc2LyagAbMaMFgthiDWh7ZZ9zT9TF8WEJf7MNE71,1,330114,2627797808,-24494806.110378
GFG5ZFMoeVrc3fapj5iu6mTyRixoN1wgab3NCjwCpump,Baby,47WDCS7fpUTmzQPfgA4rn2SkmhJVpbK9tyZrasvExhdGajtUNE75jAMAqLVnuujiTRb6RnC7XV65yS7yVEh9ccqA,435583212,Atgx1JXsp8pTQ9Qsi74wF5pLMVwHwyQc6jJCu84evN7c,Atgx1JXsp8pTQ9Qsi74wF5pLMVwHwyQc6jJCu84evN7c,1,326762,445120988,-4182664.43431
GFG5ZFMoeVrc3fapj5iu6mTyRixoN1wgab3NCjwCpump,Baby,2q7XcRVPuS91jrFQHkE4wDArMBhvVyqbZzhR4aBPbBkNVNegvtxPFqmZiu7MmRLNjFG6RgdG72ZqdtCk1X7gy6py,435583213,Atgx1JXsp8pTQ9Qsi74wF5pLMVwHwyQc6jJCu84evN7c,Atgx1JXsp8pTQ9Qsi74wF5pLMVwHwyQc6jJCu84evN7c,1,322500,441213626,-4182664.43431
GFG5ZFMoeVrc3fapj5iu6mTyRixoN1wgab3NCjwCpump,Baby,31cXaFvT31CphTwRp7B5GwnznjqmUV6UhCqUg5t1zSChtrxW6n8E4ACVo2eKEps97pkGBpr74SYLZLU5zyKDu3AV,435583214,Atgx1JXsp8pTQ9Qsi74wF5pLMVwHwyQc6jJCu84evN7c,Atgx1JXsp8pTQ9Qsi74wF5pLMVwHwyQc6jJCu84evN7c,1,340000,391136593,-3764397.990879
GFG5ZFMoeVrc3fapj5iu6mTyRixoN1wgab3NCjwCpump,Baby,6759CCUgakLkEHybUg4vY5rfYvCRujiwziMMS1RbH8fckhebix5FXT1ELJZGxKi5JTPwe3Q2Mdwr6kVs79EdL7DU,435583215,Atgx1JXsp8pTQ9Qsi74wF5pLMVwHwyQc6jJCu84evN7c,Atgx1JXsp8pTQ9Qsi74wF5pLMVwHwyQc6jJCu84evN7c,1,340000,337447766,-3346131.547448
GFG5ZFMoeVrc3fapj5iu6mTyRixoN1wgab3NCjwCpump,Baby,25y4Bc6rA8KaqRNEX3oxyUbUdpLjnGchHjdKNuaLfYC5Hnp9pqJrSYpTXkGc7P5c2dem3PP8doq67NE2zuC2sEc2,435583217,Atgx1JXsp8pTQ9Qsi74wF5pLMVwHwyQc6jJCu84evN7c,Atgx1JXsp8pTQ9Qsi74wF5pLMVwHwyQc6jJCu84evN7c,1,322500,2535481954,-26350785.93616
GFG5ZFMoeVrc3fapj5iu6mTyRixoN1wgab3NCjwCpump,Baby,2ji4RoUpcNhghHgqghTX6feJTCnZozZP4aRTPhHjSPZiNeHtoew5oBosUmM6nGXcjqwCpWPJAk5NvL5kckXmBph6,435583228,8kzFH4rgFzy4ccz97AhgqRT7Qbt7HnD5oJCDK1Sxdarb,8kzFH4rgFzy4ccz97AhgqRT7Qbt7HnD5oJCDK1Sxdarb,1,322500,390782581,-3956327.582049
GFG5ZFMoeVrc3fapj5iu6mTyRixoN1wgab3NCjwCpump,Baby,3UmdibkSm6sxpFXW4feJk7yPNJJ1LdZMLcnDRDK48asnm2PCPPCnfZaFrjqXjoRCfFXRyAciC8bQAGLCPjjACwBV,435583229,8kzFH4rgFzy4ccz97AhgqRT7Qbt7HnD5oJCDK1Sxdarb,8kzFH4rgFzy4ccz97AhgqRT7Qbt7HnD5oJCDK1Sxdarb,1,340000,385930519,-3956327.582049
GFG5ZFMoeVrc3fapj5iu6mTyRixoN1wgab3NCjwCpump,Baby,AeRbUAZyziK4ESpkVbXWmkH7yM6eiRoibLGbXJB2j2YAueDLRbVPwWxGWxyrofAv7iWzJeQuLzgZ8jhi9uvSCB3,435583231,8kzFH4rgFzy4ccz97AhgqRT7Qbt7HnD5oJCDK1Sxdarb,8kzFH4rgFzy4ccz97AhgqRT7Qbt7HnD5oJCDK1Sxdarb,1,1005000,306394030,-3165062.065639
GFG5ZFMoeVrc3fapj5iu6mTyRixoN1wgab3NCjwCpump,Baby,3HFeWpAqk4M9Vjj43ryPxvwxFa2FQg8yrRi2q7hZhwQy9p2mtjTYPiGMtrx9tLjWRkJLptxxTvr7LM7H4cVenRVx,435583232,8kzFH4rgFzy4ccz97AhgqRT7Qbt7HnD5oJCDK1Sxdarb,8kzFH4rgFzy4ccz97AhgqRT7Qbt7HnD5oJCDK1Sxdarb,1,322500,2768745862,-28485558.590756
GFG5ZFMoeVrc3fapj5iu6mTyRixoN1wgab3NCjwCpump,Baby,eYCjh8LkyL8zzURqACQ4oybC98NHZoE9JfaVi9EG6wA92p95zTe2WfWnqD8xSwTfMoum2BbgFFa56vnQV3gGZgd,435583237,5P8A9bGUhroskpuA4hhRbybgt37TcTz7ft5zLAh8orpn,5P8A9bGUhroskpuA4hhRbybgt37TcTz7ft5zLAh8orpn,1,322606,3181247897,-32423335.048362
GFG5ZFMoeVrc3fapj5iu6mTyRixoN1wgab3NCjwCpump,Baby,2wv4aRd8Dfe6B8nQQmRigAGKs5TppT3LcXrA8nuik65szAWGVWZuodocjjPqCj5ZfSQs1RdyBRrfcPv6aCCjcjXQ,435583244,GfJA84gwT9LpeyzeckeXkCsf8vdQuA64ZYQ91xoBawvt,GfJA84gwT9LpeyzeckeXkCsf8vdQuA64ZYQ91xoBawvt,1,322500,2285205904,-23559592.343516
GFG5ZFMoeVrc3fapj5iu6mTyRixoN1wgab3NCjwCpump,Baby,3HLbHre46BxYLDgyVGS5Um31bZVcnw7ktaXdTkFLADd2sGDkoXYXJBhy6Jz1N25vMenoqjewH7f2DHfcEnpeDVfr,435583251,43x1zWzjVWJbQErWM78m3Acx83FFuGSQEhmgyxUrPdQs,43x1zWzjVWJbQErWM78m3Acx83FFuGSQEhmgyxUrPdQs,1,312000,3108641848,-32986785.747216
GFG5ZFMoeVrc3fapj5iu6mTyRixoN1wgab3NCjwCpump,Baby,2QZpSKeisdpLewwZyb2JaJv9RBkajRxuCdnTiiR3bWptjzqt6NM3ZJBiAXW3BPRE6HMsD38fyWNZ8UmYuQPwUjzV,435583316,2CQgjcdNEo7WtbQLpJTAVcC3Ga61pNvRDTgP5grzctFG,2CQgjcdNEo7WtbQLpJTAVcC3Ga61pNvRDTgP5grzctFG,1,5000,-3091475022,24572579.206901
GFG5ZFMoeVrc3fapj5iu6mTyRixoN1wgab3NCjwCpump,Baby,5RXJ2w3xBXu6pVQMJwWMyWM3JmN3HmH3o2LSxgvit4kTnbMac6KJxh9X1UbwbpTQSNNFS3sFEAWKrc89ZJ1MhpWV,435583316,2CQgjcdNEo7WtbQLpJTAVcC3Ga61pNvRDTgP5grzctFG,2CQgjcdNEo7WtbQLpJTAVcC3Ga61pNvRDTgP5grzctFG,1,455000,1055384670,-8600402.722415
GFG5ZFMoeVrc3fapj5iu6mTyRixoN1wgab3NCjwCpump,Baby,5uKZkqcZDUZdE1BkYRCBANuAqoKn6r4dKfQ46nHGGjvfLiy43ozKed9MPErjDTUEHtjHNwDRagRkSXyHbcJJKbzN,435583323,2CQgjcdNEo7WtbQLpJTAVcC3Ga61pNvRDTgP5grzctFG,2CQgjcdNEo7WtbQLpJTAVcC3Ga61pNvRDTgP5grzctFG,1,5000,832634600,-7371773.76207
GFG5ZFMoeVrc3fapj5iu6mTyRixoN1wgab3NCjwCpump,Baby,5hzyWt9XDCQdtAtiFJQZafz6dsMHTMhNvjwKZcavby5eCst8dFaMRiDtHt9hh5kC651efbF5vnmJ2LLZdbLHePkG,435583329,2CQgjcdNEo7WtbQLpJTAVcC3Ga61pNvRDTgP5grzctFG,2CQgjcdNEo7WtbQLpJTAVcC3Ga61pNvRDTgP5grzctFG,1,5000,459591614,-4177338.465173
GFG5ZFMoeVrc3fapj5iu6mTyRixoN1wgab3NCjwCpump,Baby,5o6TWgewTHRU5oaGJr5oF3pQP1ALHJEdWFHFtEn8aoCTodYvAopYxuH48KuWxTh3arDVEcEps6YLL6ovEb7XbHkX,435583342,2CQgjcdNEo7WtbQLpJTAVcC3Ga61pNvRDTgP5grzctFG,2CQgjcdNEo7WtbQLpJTAVcC3Ga61pNvRDTgP5grzctFG,1,5000,500064149,-4177338.465173
GFG5ZFMoeVrc3fapj5iu6mTyRixoN1wgab3NCjwCpump,Baby,3g45X3x8Xv1ySec5K4VSxD3xM7gpbWu9voNkRNmwHJB3zLcGhPr3djacBtFnVc3efgaE1G9PyCZeY7bVp7wW1XQ7,435583355,2CQgjcdNEo7WtbQLpJTAVcC3Ga61pNvRDTgP5grzctFG,2CQgjcdNEo7WtbQLpJTAVcC3Ga61pNvRDTgP5grzctFG,1,5000,29214930,-245725.79207
6Quog29HQ5tA5BdnCv3FWpW8WEpdxCsxEpt2TGCZpump,Gnomes,5VPfXfRd84RMhEixiktmHrCXKFiyovLcekSspFdKYRtsVobNtpS4LqjDiyjEYYBrDcEWesSBYYAAoeM1yDExX1N9,435571004,2CHrnc2LyagAbMaMFgthiDWh7ZZ9zT9TF8WEJf7MNE71,Atgx1JXsp8pTQ9Qsi74wF5pLMVwHwyQc6jJCu84evN7c,0,915000,-3250000000,41826644.343107
6Quog29HQ5tA5BdnCv3FWpW8WEpdxCsxEpt2TGCZpump,Gnomes,5VPfXfRd84RMhEixiktmHrCXKFiyovLcekSspFdKYRtsVobNtpS4LqjDiyjEYYBrDcEWesSBYYAAoeM1yDExX1N9,435571004,2CHrnc2LyagAbMaMFgthiDWh7ZZ9zT9TF8WEJf7MNE71,8kzFH4rgFzy4ccz97AhgqRT7Qbt7HnD5oJCDK1Sxdarb,0,915000,-3500000000,39563275.820493
6Quog29HQ5tA5BdnCv3FWpW8WEpdxCsxEpt2TGCZpump,Gnomes,5VPfXfRd84RMhEixiktmHrCXKFiyovLcekSspFdKYRtsVobNtpS4LqjDiyjEYYBrDcEWesSBYYAAoeM1yDExX1N9,435571004,2CHrnc2LyagAbMaMFgthiDWh7ZZ9zT9TF8WEJf7MNE71,2CHrnc2LyagAbMaMFgthiDWh7ZZ9zT9TF8WEJf7MNE71,1,915000,-3360137240,49384689.738662
6Quog29HQ5tA5BdnCv3FWpW8WEpdxCsxEpt2TGCZpump,Gnomes,4uM1bh6Z2u4quEd8PHcnkJcvJbeZY7tj5Uv8g6x9HKQF8u2a7xZ2c2x1k5RjcCS5BYCFzZLdecmRuEAAociQFSxH,435571004,43x1zWzjVWJbQErWM78m3Acx83FFuGSQEhmgyxUrPdQs,GfJA84gwT9LpeyzeckeXkCsf8vdQuA64ZYQ91xoBawvt,0,915000,-2950000000,23559592.343516
6Quog29HQ5tA5BdnCv3FWpW8WEpdxCsxEpt2TGCZpump,Gnomes,4uM1bh6Z2u4quEd8PHcnkJcvJbeZY7tj5Uv8g6x9HKQF8u2a7xZ2c2x1k5RjcCS5BYCFzZLdecmRuEAAociQFSxH,435571004,43x1zWzjVWJbQErWM78m3Acx83FFuGSQEhmgyxUrPdQs,5P8A9bGUhroskpuA4hhRbybgt37TcTz7ft5zLAh8orpn,0,915000,-3650000000,32423335.048362
6Quog29HQ5tA5BdnCv3FWpW8WEpdxCsxEpt2TGCZpump,Gnomes,4uM1bh6Z2u4quEd8PHcnkJcvJbeZY7tj5Uv8g6x9HKQF8u2a7xZ2c2x1k5RjcCS5BYCFzZLdecmRuEAAociQFSxH,435571004,43x1zWzjVWJbQErWM78m3Acx83FFuGSQEhmgyxUrPdQs,43x1zWzjVWJbQErWM78m3Acx83FFuGSQEhmgyxUrPdQs,1,915000,-3310137240,32986785.747216
6Quog29HQ5tA5BdnCv3FWpW8WEpdxCsxEpt2TGCZpump,Gnomes,5dRchhL6ZKyn4TKXU6SbjTS1xGW33eFDXrZbDrSwQhpeTQFtjWMoQa33brT6ppgUYT3znvPgGabot6s7KYqrt3qH,435571004,5brv79eFZ2rGprXNvqgVJBkBptkkw8GJX1XydJyZLyAr,5brv79eFZ2rGprXNvqgVJBkBptkkw8GJX1XydJyZLyAr,1,5000,-3247794280,21711860.047241
6Quog29HQ5tA5BdnCv3FWpW8WEpdxCsxEpt2TGCZpump,Gnomes,21b6uxUAXiYcrwE33d6jdDBc2JUqNTnTYvRLK2jtnAGFdDPwSs2eG4aL5vFry98Mjoe434cecntpGR5WmRiBxG1P,435571004,GDQeTnqkyeLyRSjWaeFY5HsxaWoQmmXFc1N6wyuuHiQD,GDQeTnqkyeLyRSjWaeFY5HsxaWoQmmXFc1N6wyuuHiQD,1,122005000,-4127362600,26361937.2277
6Quog29HQ5tA5BdnCv3FWpW8WEpdxCsxEpt2TGCZpump,Gnomes,5oUvoCbppkriPKrBBvGrrWrDMwoHEeNNzgUw8jGf38EMjB3i3f4auSVjXd6zdfjb8JDo2qTausUZjGCezSBDDbCf,435571004,8eMntzBDpLZjk6jxWryhU6AZand54sqRhmv81LHmguvZ,8eMntzBDpLZjk6jxWryhU6AZand54sqRhmv81LHmguvZ,1,4705000,-3010065412,17934731.535659
6Quog29HQ5tA5BdnCv3FWpW8WEpdxCsxEpt2TGCZpump,Gnomes,4k3HG3giuPrmPkcJ7w25uiLJMNauhLyCoFZY8ofbVPwrSXxaPkJMQeu6qaimtjuKokX1MohU46tC7tvj4nvNZPyB,435571004,9CGPQ35yojUP4oP2tv5suWtUdhevp68BmUGoykgZX2Yv,9CGPQ35yojUP4oP2tv5suWtUdhevp68BmUGoykgZX2Yv,1,4005000,-507165392,2851195.933177
6Quog29HQ5tA5BdnCv3FWpW8WEpdxCsxEpt2TGCZpump,Gnomes,3oqMSp1reVRAi1MmaoCCPHetsxXpHQ6J8DfLYmtJre7FwtVXueTQWZ4cmadvFyrJQR76YPkuULzSeGauUmfHHQA8,435571004,5yZx1tJramkVgxh49u89PahACux6oWVfspVdBiYMJPMx,5yZx1tJramkVgxh49u89PahACux6oWVfspVdBiYMJPMx,1,1007162,-355168499,1973574.385849
6Quog29HQ5tA5BdnCv3FWpW8WEpdxCsxEpt2TGCZpump,Gnomes,5KkdkJibhqsNxRaXokuapXkVTmxaUTyzz4bn6CWyb7Q8KHVvUQxmsyzSnsbkv3vpCbA4xhjsPSYCAyN54j6AhXyu,435571004,2CQgjcdNEo7WtbQLpJTAVcC3Ga61pNvRDTgP5grzctFG,2CQgjcdNEo7WtbQLpJTAVcC3Ga61pNvRDTgP5grzctFG,1,133011661,-3136269261,16200840.278412
6Quog29HQ5tA5BdnCv3FWpW8WEpdxCsxEpt2TGCZpump,Gnomes,2pGMH3ku8yzmm2kirCV7RkjmVwAg6wudr4j1rDonuiZdwBkKsrDUcYQz4jGHZmdTy17ovqNfkUFUTXvbThdYS9P,435571004,Anubis512ho5t7S6LNSwoxUWdeQmX2kf3RvZ8ApHHF5w,Anubis512ho5t7S6LNSwoxUWdeQmX2kf3RvZ8ApHHF5w,1,105000,-2243179080,11318324.782764
6Quog29HQ5tA5BdnCv3FWpW8WEpdxCsxEpt2TGCZpump,Gnomes,tRJCWHFXQUfZuoNRzPjgJ2WNarmSWwLyj1LKLyJcLyeTVTBps8QSeYj1MFEkwEznyg1fbZpLgzc2mg9VEY7YfNN,435571004,GDQeTnqkyeLyRSjWaeFY5HsxaWoQmmXFc1N6wyuuHiQD,GDQeTnqkyeLyRSjWaeFY5HsxaWoQmmXFc1N6wyuuHiQD,1,15000,2506216765,-13180968.61385
6Quog29HQ5tA5BdnCv3FWpW8WEpdxCsxEpt2TGCZpump,Gnomes,5mjufahee9N7D788gMPyVCRaZ2Vouxy9MiP9ZtbLKJZRuUwx4FzBaqGB69kxxktCCjZTM9M5zKcZudd69nviTiFX,435571004,2CQgjcdNEo7WtbQLpJTAVcC3Ga61pNvRDTgP5grzctFG,2CQgjcdNEo7WtbQLpJTAVcC3Ga61pNvRDTgP5grzctFG,1,485000,1185417337,-6480336.11136
6Quog29HQ5tA5BdnCv3FWpW8WEpdxCsxEpt2TGCZpump,Gnomes,3WB4FDmjTri4wcUfkAY4amMqmEczMo7wVDBRHKv3QSdwSed6RMzYe7jYLxAgxeMmQhQvLSqPtoH6fVGpF9CYrdaA,435571004,8eMntzBDpLZjk6jxWryhU6AZand54sqRhmv81LHmguvZ,8eMntzBDpLZjk6jxWryhU6AZand54sqRhmv81LHmguvZ,1,13000,1041688550,-5918461.406767
6Quog29HQ5tA5BdnCv3FWpW8WEpdxCsxEpt2TGCZpump,Gnomes,2WpvZewgs5vaS4YjLgmYxFhdCgXW4eLZJM5swNFDfLkH9TNwggenYtSJsTKQNLovJAArY7dCb336wYcqQMsUnnrf,435571006,5brv79eFZ2rGprXNvqgVJBkBptkkw8GJX1XydJyZLyAr,5brv79eFZ2rGprXNvqgVJBkBptkkw8GJX1XydJyZLyAr,1,365000,1332445509,-7599151.016534
6Quog29HQ5tA5BdnCv3FWpW8WEpdxCsxEpt2TGCZpump,Gnomes,5nAqVdEUVpxX7R6EuYvQ1pMCRfxEpFarykhhFvwu7xCJjd3B87qPJWab3sjXHSM1B9VKzGkCKmRFJDBgmKjenHfE,435571006,8eMntzBDpLZjk6jxWryhU6AZand54sqRhmv81LHmguvZ,8eMntzBDpLZjk6jxWryhU6AZand54sqRhmv81LHmguvZ,1,35000,2541209647,-12016270.128892
6Quog29HQ5tA5BdnCv3FWpW8WEpdxCsxEpt2TGCZpump,Gnomes,9gx3f7sH8YSJBqQ2C7ErfLj5e37wL3DvTxUccagq65hjrfMyiNYgEheBNN4oyvuytTKkRCB5iwTAYyMbCcVbSNN,435571006,GDQeTnqkyeLyRSjWaeFY5HsxaWoQmmXFc1N6wyuuHiQD,GDQeTnqkyeLyRSjWaeFY5HsxaWoQmmXFc1N6wyuuHiQD,1,15000,2613115832,-13180968.61385
6Quog29HQ5tA5BdnCv3FWpW8WEpdxCsxEpt2TGCZpump,Gnomes,2C4wjMT83Puuf2awPKxPRsMt8u4sYSoEqovovPAdo2J9WZ9fPHEcA9G2Tjh7ES8GYvSiE6mwvbvEq1rihimSvyeh,435571006,5yZx1tJramkVgxh49u89PahACux6oWVfspVdBiYMJPMx,5yZx1tJramkVgxh49u89PahACux6oWVfspVdBiYMJPMx,1,107002,428273762,-1973574.385849
6Quog29HQ5tA5BdnCv3FWpW8WEpdxCsxEpt2TGCZpump,Gnomes,5S8hjyc4TAmhVqiVXU2XsQQorHanXDy3iehgjkv2CgrwRkjgjKL8kGx5NhB4cvEhsYpMKvpo3CZzxVGb7ZtrKo93,435571007,9CGPQ35yojUP4oP2tv5suWtUdhevp68BmUGoykgZX2Yv,9CGPQ35yojUP4oP2tv5suWtUdhevp68BmUGoykgZX2Yv,1,55000,607186682,-2851195.933177
6Quog29HQ5tA5BdnCv3FWpW8WEpdxCsxEpt2TGCZpump,Gnomes,TMHC5y6PWc12JVMnr7xxCD9r2znkSiBnWLH17Up1nSmFMSb4ivBqRY7t58CvdnnSqfs6jftJrvvdrWdwE2vZHRc,435571008,Anubis512ho5t7S6LNSwoxUWdeQmX2kf3RvZ8ApHHF5w,Anubis512ho5t7S6LNSwoxUWdeQmX2kf3RvZ8ApHHF5w,1,105000,2353169780,-11318324.782764
6Quog29HQ5tA5BdnCv3FWpW8WEpdxCsxEpt2TGCZpump,Gnomes,4knAH5LUCp9w4iXsUVun25vGGS9iAVvoSm5dQk83XRsSbjbk29YSaKRTR9vvTsP4Ec3UWNa5ZVepKW3AmTzKzyqg,435571011,5brv79eFZ2rGprXNvqgVJBkBptkkw8GJX1XydJyZLyAr,5brv79eFZ2rGprXNvqgVJBkBptkkw8GJX1XydJyZLyAr,1,365000,743239888,-3528177.257676
6Quog29HQ5tA5BdnCv3FWpW8WEpdxCsxEpt2TGCZpump,Gnomes,2sbQXo3yHYiHEKKKCqpTx2cgqLmVGogs6LCbeGV7rZ4M5qJBHm9fsWqa5KvfVcYyFrUGq8CZxA6Zp7AnBK5hALVR,435571012,5brv79eFZ2rGprXNvqgVJBkBptkkw8GJX1XydJyZLyAr,5brv79eFZ2rGprXNvqgVJBkBptkkw8GJX1XydJyZLyAr,1,365000,329211997,-1587679.765954
6Quog29HQ5tA5BdnCv3FWpW8WEpdxCsxEpt2TGCZpump,Gnomes,n9dPBacbrFbEgvVkWMsYNA8TqJF6SfZCG6CYDr9QUf2TraPyps59oqmstwZcF1v79dE2xy7kfszeSrVzphzbX8S,435571016,5brv79eFZ2rGprXNvqgVJBkBptkkw8GJX1XydJyZLyAr,5brv79eFZ2rGprXNvqgVJBkBptkkw8GJX1XydJyZLyAr,1,365000,321281261,-2249213.001769
6Quog29HQ5tA5BdnCv3FWpW8WEpdxCsxEpt2TGCZpump,Gnomes,2towY5C6fp7goEkBRgq81TRx5iaXZM2gWv61xwtNLYWz9bXJUiYg4mz69uC3pvc223rKUs1WGXmAp8BfTHzRP17Z,435571017,2CQgjcdNEo7WtbQLpJTAVcC3Ga61pNvRDTgP5grzctFG,2CQgjcdNEo7WtbQLpJTAVcC3Ga61pNvRDTgP5grzctFG,1,5000,698624340,-4860252.08352
6Quog29HQ5tA5BdnCv3FWpW8WEpdxCsxEpt2TGCZpump,Gnomes,5X11B5bF614DGATyXYCFaBbdfY79HK4owre984UhgZ7h8z69BpB3U1f4ghC5sQZZURHo14hjhrYue7wXQMg6Kbw6,435571022,2CQgjcdNEo7WtbQLpJTAVcC3Ga61pNvRDTgP5grzctFG,2CQgjcdNEo7WtbQLpJTAVcC3Ga61pNvRDTgP5grzctFG,1,5000,717713578,-4860252.083532
6Quog29HQ5tA5BdnCv3FWpW8WEpdxCsxEpt2TGCZpump,Gnomes,3RoyaVw6V2vRM65aj2XTD1oV1omHBPki8voU6YvtJYZXvjGngTgTyhqd6AWjUvo3AbLNHPZkMchD5A5N8ffpwdXG,435571024,5brv79eFZ2rGprXNvqgVJBkBptkkw8GJX1XydJyZLyAr,5brv79eFZ2rGprXNvqgVJBkBptkkw8GJX1XydJyZLyAr,1,365000,847668579,-6747639.005308
6Quog29HQ5tA5BdnCv3FWpW8WEpdxCsxEpt2TGCZpump,Gnomes,Dpstoz3mUNVrizWN2GUVZEyK2L4En4zNvkK9AFUG6rmTzY44RckmuavmhH8UtgU713N1JmX97vkdfXvAB6fCyzE,435571063,2CHrnc2LyagAbMaMFgthiDWh7ZZ9zT9TF8WEJf7MNE71,2CHrnc2LyagAbMaMFgthiDWh7ZZ9zT9TF8WEJf7MNE71,1,627117,765087944,-4938468.973866
6Quog29HQ5tA5BdnCv3FWpW8WEpdxCsxEpt2TGCZpump,Gnomes,HaxBjzPUj4HXnQ6ucjCoj9dhCDuwFBa7xUPo3wZYuvyDTgxZcbxkjN6fxDcjtsPVTN5TExNBeXb2uUWZXFJGgSu,435571064,2CHrnc2LyagAbMaMFgthiDWh7ZZ9zT9TF8WEJf7MNE71,2CHrnc2LyagAbMaMFgthiDWh7ZZ9zT9TF8WEJf7MNE71,1,636039,697483295,-4444622.076479
6Quog29HQ5tA5BdnCv3FWpW8WEpdxCsxEpt2TGCZpump,Gnomes,4e8C7pAXBjzozQruAFJcwsm5RU3uc4kKwgTZEUu29EUUx4yA4p7WeE4rVY6sj8rUeVyjByQa2jhCPUBJbDvFVYFT,435571066,2CHrnc2LyagAbMaMFgthiDWh7ZZ9zT9TF8WEJf7MNE71,2CHrnc2LyagAbMaMFgthiDWh7ZZ9zT9TF8WEJf7MNE71,1,627222,571212565,-4000159.868831
6Quog29HQ5tA5BdnCv3FWpW8WEpdxCsxEpt2TGCZpump,Gnomes,GyQvQH9QUZ1pWHS78fWpVpTPLoyE9tTaf77dXiNqEQZRKSNWWRfoUuv43eBxhSc9P14As3nvWbpRz7eLkXxtwqi,435571067,2CHrnc2LyagAbMaMFgthiDWh7ZZ9zT9TF8WEJf7MNE71,2CHrnc2LyagAbMaMFgthiDWh7ZZ9zT9TF8WEJf7MNE71,1,753255,484560776,-3600143.881948
6Quog29HQ5tA5BdnCv3FWpW8WEpdxCsxEpt2TGCZpump,Gnomes,5dW4bzPkQbDxVrKfnfU6DYc6FDdnaq6jPYCsd5fatroK9PAfuxHCyryy96NJ7j1rSGoudtLKu5Axbbz6rMgjNngK,435571069,2CHrnc2LyagAbMaMFgthiDWh7ZZ9zT9TF8WEJf7MNE71,2CHrnc2LyagAbMaMFgthiDWh7ZZ9zT9TF8WEJf7MNE71,1,745512,434814185,-3240129.493753
6Quog29HQ5tA5BdnCv3FWpW8WEpdxCsxEpt2TGCZpump,Gnomes,2jPL7Pa732uZUW1KBusEvgfB1zLhuSEgVGpqGz5MkXtbjs3VGL8jSmpktk9pefbEz2TErH8swcFT2G2NrjgM6Qwd,435571072,2CHrnc2LyagAbMaMFgthiDWh7ZZ9zT9TF8WEJf7MNE71,2CHrnc2LyagAbMaMFgthiDWh7ZZ9zT9TF8WEJf7MNE71,1,628750,389403803,-2916116.544378
6Quog29HQ5tA5BdnCv3FWpW8WEpdxCsxEpt2TGCZpump,Gnomes,5Us7jEGV9MHeSKLAHW5AtAxCqXGP5frTH8VPJR9ysmnmXhFz2tKjfb19bCyzoHUcjnmoQJ3etgxXQpbfTyqJMuRX,435571073,2CHrnc2LyagAbMaMFgthiDWh7ZZ9zT9TF8WEJf7MNE71,2CHrnc2LyagAbMaMFgthiDWh7ZZ9zT9TF8WEJf7MNE71,1,625000,348121155,-2624504.88994
6Quog29HQ5tA5BdnCv3FWpW8WEpdxCsxEpt2TGCZpump,Gnomes,2R49abcSwsSBu84qf6wxrkmAULCH5Qa2Rmvj1krjvciZmnddN4NoUTZWpkfJX9TwnPy7wr4YzYMDmuazcogMz2BY,435571076,2CHrnc2LyagAbMaMFgthiDWh7ZZ9zT9TF8WEJf7MNE71,2CHrnc2LyagAbMaMFgthiDWh7ZZ9zT9TF8WEJf7MNE71,1,625000,1519527133,-11810272.004733
6Quog29HQ5tA5BdnCv3FWpW8WEpdxCsxEpt2TGCZpump,Gnomes,GodzjBvQib49dPKTQhUncb8PtWjFSKurbVAWnPv6T5DQFSp1CymmWUWddfb6u6p2h3jpLe1GJJz6SxwBKezE7ks,435571078,2CHrnc2LyagAbMaMFgthiDWh7ZZ9zT9TF8WEJf7MNE71,2CHrnc2LyagAbMaMFgthiDWh7ZZ9zT9TF8WEJf7MNE71,1,615000,1397438763,-11810272.004734
6Quog29HQ5tA5BdnCv3FWpW8WEpdxCsxEpt2TGCZpump,Gnomes,5Y5L6eSJbFToi5353c3WnHxjNrkhM6KYRRjSZ1ThXfDddvCaoSHhfENz4FbyyCUs3aVfHAqLXHnoA5v8mzCopnQf,435571091,Atgx1JXsp8pTQ9Qsi74wF5pLMVwHwyQc6jJCu84evN7c,Atgx1JXsp8pTQ9Qsi74wF5pLMVwHwyQc6jJCu84evN7c,1,980005,639276748,-4182664.43431
6Quog29HQ5tA5BdnCv3FWpW8WEpdxCsxEpt2TGCZpump,Gnomes,2GzabEbvMp1KW49yN9QBKn98PDL6MxXdq2NFFASTvXvFRaWbn7tMrJJJuyC9v78R37JhdLYX4HH2u2f6VMSxaBG6,435571093,Atgx1JXsp8pTQ9Qsi74wF5pLMVwHwyQc6jJCu84evN7c,Atgx1JXsp8pTQ9Qsi74wF5pLMVwHwyQc6jJCu84evN7c,1,948079,573383850,-3764397.990879
6Quog29HQ5tA5BdnCv3FWpW8WEpdxCsxEpt2TGCZpump,Gnomes,4cDR9Cb3WLKxE3PB61hhLshkhdahDZt2oD3AVxCHAnmHkF8v4HLaBDHSLS85jEg9tTzLcPD5oGsRyEeH5KXGfowv,435571094,Atgx1JXsp8pTQ9Qsi74wF5pLMVwHwyQc6jJCu84evN7c,Atgx1JXsp8pTQ9Qsi74wF5pLMVwHwyQc6jJCu84evN7c,1,854377,563954139,-3764397.990879
6Quog29HQ5tA5BdnCv3FWpW8WEpdxCsxEpt2TGCZpump,Gnomes,5gKWVATpE5eyesoFgfbgZwDpH6eALan4jVSCiLzLAJd9KWeaqx1C27QPfdyDppFaqs9PZtrkTmXKNKbCqmfAgHZg,435571096,Atgx1JXsp8pTQ9Qsi74wF5pLMVwHwyQc6jJCu84evN7c,Atgx1JXsp8pTQ9Qsi74wF5pLMVwHwyQc6jJCu84evN7c,1,1005000,444127678,-3011518.392703
6Quog29HQ5tA5BdnCv3FWpW8WEpdxCsxEpt2TGCZpump,Gnomes,5HdgWPjVAneLro67ZZtinnvRCVNgTe2EZ4feQLNbrEfX88bGBpXByio5WFo1E9vPJ3t7aM1ej4SZcYrP9uicktZG,435571098,Atgx1JXsp8pTQ9Qsi74wF5pLMVwHwyQc6jJCu84evN7c,Atgx1JXsp8pTQ9Qsi74wF5pLMVwHwyQc6jJCu84evN7c,1,1005000,396096485,-2710366.553433
6Quog29HQ5tA5BdnCv3FWpW8WEpdxCsxEpt2TGCZpump,Gnomes,4JY48TjygS4Cj9YinJNzeY7ET45YSibqMi2ShcUVxyHPzmiRN1JDvxnfhWugJQP7a8mpfnZ5Gin9sqS9CZnaK31y,435571099,Atgx1JXsp8pTQ9Qsi74wF5pLMVwHwyQc6jJCu84evN7c,Atgx1JXsp8pTQ9Qsi74wF5pLMVwHwyQc6jJCu84evN7c,1,1005000,411075185,-2710366.553433
6Quog29HQ5tA5BdnCv3FWpW8WEpdxCsxEpt2TGCZpump,Gnomes,3igC8t3hAq6NQJ5Aqne4pCSPgQdYfMHrhYhwrHp2aHtAX5om95cXgSySZzwDgdCPZKZ4dRt627BZkgUqEBipXqcW,435571101,Atgx1JXsp8pTQ9Qsi74wF5pLMVwHwyQc6jJCu84evN7c,Atgx1JXsp8pTQ9Qsi74wF5pLMVwHwyQc6jJCu84evN7c,1,989536,324938481,-2168293.242747
6Quog29HQ5tA5BdnCv3FWpW8WEpdxCsxEpt2TGCZpump,Gnomes,2eXcu6rbYSphg8NVTZF5GDQbCXsJZgAybsW2pDa5ACb5rPqRk2PJZXJ25Sh9UgsXsrftsNincj99Txin8htVqUad,435571103,Atgx1JXsp8pTQ9Qsi74wF5pLMVwHwyQc6jJCu84evN7c,Atgx1JXsp8pTQ9Qsi74wF5pLMVwHwyQc6jJCu84evN7c,1,969825,2813132313,-19514639.184723
6Quog29HQ5tA5BdnCv3FWpW8WEpdxCsxEpt2TGCZpump,Gnomes,5VagJr9sF2xpFzRp6xzhMJno6BsxBVys3GPzcQtRd8WcojWXw8917s6Nxp49u3Kk54D6jqxQc1MHQB1JKZPSgR28,435571110,8kzFH4rgFzy4ccz97AhgqRT7Qbt7HnD5oJCDK1Sxdarb,8kzFH4rgFzy4ccz97AhgqRT7Qbt7HnD5oJCDK1Sxdarb,1,956042,567759967,-3956327.582049
6Quog29HQ5tA5BdnCv3FWpW8WEpdxCsxEpt2TGCZpump,Gnomes,4DNfbL9URr7SpXB845mx4fk7jxAN1QqGNFBoqb6jzEp15nQLoat89thE52tZ9DZzV2Ax9huPNpHUEXFwLozfKwtM,435571111,8kzFH4rgFzy4ccz97AhgqRT7Qbt7HnD5oJCDK1Sxdarb,8kzFH4rgFzy4ccz97AhgqRT7Qbt7HnD5oJCDK1Sxdarb,1,954753,536562570,-3956327.582049
6Quog29HQ5tA5BdnCv3FWpW8WEpdxCsxEpt2TGCZpump,Gnomes,5hBXcPt2yKoKN5GCCcdVMBahR2thgauLFhfdtjevEbkEjoENPAj2bsHW2NwAqfWENnRvsepbH1eqYyXCyoM1jTfn,435571113,8kzFH4rgFzy4ccz97AhgqRT7Qbt7HnD5oJCDK1Sxdarb,8kzFH4rgFzy4ccz97AhgqRT7Qbt7HnD5oJCDK1Sxdarb,1,954753,422535157,-3165062.065639
6Quog29HQ5tA5BdnCv3FWpW8WEpdxCsxEpt2TGCZpump,Gnomes,2ZHDnQdr7ufy6CMap6y9n6BE7kUwXsPw4gsWCAJYYRRzfd8WbpmcsWqr1vzaJM6i3fqCRtH2bp1NmXzqg46nx5Cx,435571116,8kzFH4rgFzy4ccz97AhgqRT7Qbt7HnD5oJCDK1Sxdarb,8kzFH4rgFzy4ccz97AhgqRT7Qbt7HnD5oJCDK1Sxdarb,1,956042,365170775,-2848555.859075
6Quog29HQ5tA5BdnCv3FWpW8WEpdxCsxEpt2TGCZpump,Gnomes,eginJwAuxRei7qzFBQptkLMWx2Z8c3CgBBKUypvBDE5cmQL3QCbNsXd32jgJY1H7MciSzA6QqAf3w3pYu4noyfk,435571118,8kzFH4rgFzy4ccz97AhgqRT7Qbt7HnD5oJCDK1Sxdarb,8kzFH4rgFzy4ccz97AhgqRT7Qbt7HnD5oJCDK1Sxdarb,1,954753,322364269,-2563700.273168
6Quog29HQ5tA5BdnCv3FWpW8WEpdxCsxEpt2TGCZpump,Gnomes,4UNSqVuVWWKZ32zBJAqEygU33BNXXA9A6EcPr2EVgkCgnFQYU1VrKcB6xbBtAQUErYYRUjihy6r3AyGKchzU1LM4,435571121,8kzFH4rgFzy4ccz97AhgqRT7Qbt7HnD5oJCDK1Sxdarb,8kzFH4rgFzy4ccz97AhgqRT7Qbt7HnD5oJCDK1Sxdarb,1,962151,2971508819,-23073302.458513
6Quog29HQ5tA5BdnCv3FWpW8WEpdxCsxEpt2TGCZpump,Gnomes,31VdpJTBcPCgiFBamHcPD2yFoMwHZn1wtpDb4UL2wSwFDFMvjaWu5gibr9AVQgtGzavU6V2xf8ErhPNsuCcYzYmy,435571127,5P8A9bGUhroskpuA4hhRbybgt37TcTz7ft5zLAh8orpn,5P8A9bGUhroskpuA4hhRbybgt37TcTz7ft5zLAh8orpn,1,955395,442855195,-3242333.504836
6Quog29HQ5tA5BdnCv3FWpW8WEpdxCsxEpt2TGCZpump,Gnomes,2YjhGpRXWCK4kbveUC84o7FeZvUdeettjS9powPQnYY7NCukWs6GVncV3p5DUyG5XsMtk8rRpFfMGZX16RVbdieU,435571128,5P8A9bGUhroskpuA4hhRbybgt37TcTz7ft5zLAh8orpn,5P8A9bGUhroskpuA4hhRbybgt37TcTz7ft5zLAh8orpn,1,980832,436224872,-3242333.504836
6Quog29HQ5tA5BdnCv3FWpW8WEpdxCsxEpt2TGCZpump,Gnomes,2rrxNMnVzCxCrCbU72PmD3zDvqMEGsumj7448kAEhdrgNWPz3HRhYh3VntZ4JGSsP4oqcjWbsNt9PovVKVsE4r82,435571129,5P8A9bGUhroskpuA4hhRbybgt37TcTz7ft5zLAh8orpn,5P8A9bGUhroskpuA4hhRbybgt37TcTz7ft5zLAh8orpn,1,961425,352206978,-2918100.154352
6Quog29HQ5tA5BdnCv3FWpW8WEpdxCsxEpt2TGCZpump,Gnomes,4yuts8uhYDZ7qipBbCjSumyHgPufB1Nf1cpCCVHEEJzeDDsXfQdMhA4qJkyiJsVMsUUrdAFxtcrd9Wj7GDeCmAM6,435571131,5P8A9bGUhroskpuA4hhRbybgt37TcTz7ft5zLAh8orpn,5P8A9bGUhroskpuA4hhRbybgt37TcTz7ft5zLAh8orpn,1,977355,274797068,-2302056.788433
6Quog29HQ5tA5BdnCv3FWpW8WEpdxCsxEpt2TGCZpump,Gnomes,8WmXVuT4WAFb8TPSXBQuqxchcLh1QzyiUSgJyjary1wgzRhXv2JKVjhHvZcsc2uAabXJWR1aabRynU6iC2kNLRN,435571133,5P8A9bGUhroskpuA4hhRbybgt37TcTz7ft5zLAh8orpn,5P8A9bGUhroskpuA4hhRbybgt37TcTz7ft5zLAh8orpn,1,976620,246361458,-2071851.10959
6Quog29HQ5tA5BdnCv3FWpW8WEpdxCsxEpt2TGCZpump,Gnomes,XdvmxrQDvvBgSBMEM5awyQnhL6rJyw6BzrwbcnFFt56MzQQifVxB3ANr3Jz1BK31hRRtdVRauZUHPmXDCbRDj4S,435571134,5P8A9bGUhroskpuA4hhRbybgt37TcTz7ft5zLAh8orpn,5P8A9bGUhroskpuA4hhRbybgt37TcTz7ft5zLAh8orpn,1,985788,2152836086,-18646659.986315
6Quog29HQ5tA5BdnCv3FWpW8WEpdxCsxEpt2TGCZpump,Gnomes,4v4h6bqWtDTApWEJ9iQvgaP5RxZsBdVfdKuGwTc5bTwb5b4YeVUJCUYAAdC83kSaPf5ptbqj2AcfDbd7TtNxMpJX,435571140,GfJA84gwT9LpeyzeckeXkCsf8vdQuA64ZYQ91xoBawvt,GfJA84gwT9LpeyzeckeXkCsf8vdQuA64ZYQ91xoBawvt,1,955395,3027119050,-23559592.343516
6Quog29HQ5tA5BdnCv3FWpW8WEpdxCsxEpt2TGCZpump,Gnomes,3owSx8fZ4WSfrpuSsKGibpfPyBXDaUmTHtdEFH5zF4Yv69Ej6MqD2xxVYrzkjjrSsdCgooZKPGhXKdhQkpMWQgBY,435571147,43x1zWzjVWJbQErWM78m3Acx83FFuGSQEhmgyxUrPdQs,43x1zWzjVWJbQErWM78m3Acx83FFuGSQEhmgyxUrPdQs,1,954112,2159355815,-16493392.873608
6Quog29HQ5tA5BdnCv3FWpW8WEpdxCsxEpt2TGCZpump,Gnomes,4JZ6C8eZjcxqzccdUK8Bxn9LnWMp65aqMoVTmsS23ia4BcmSzjKaLAR3cHsjb8y4YNyhPpX8wCMstWfYtkowXutT,435571152,43x1zWzjVWJbQErWM78m3Acx83FFuGSQEhmgyxUrPdQs,43x1zWzjVWJbQErWM78m3Acx83FFuGSQEhmgyxUrPdQs,1,956052,1904424913,-16493392.873608
